source,title,neighborhoods,price,num_bedrooms,num_bathrooms,url,lat,lon,city,time_posted,alerted,bike_time_minutes,bike_station,bart_bike_time_minutes,bart_station,commute_minutes,commute_walk_minutes,commute_headway,transit_score,transit_lines
craigslist,Enjoy this 1-bedroom apartment on the 1st floor.,Way Out There,870,1,1.0,https://www.craigslist.org/view/d/san-francisco-enjoy-this-bedroom/eMXBGGEdJei7H8y3F9A5kQ,37.7593006712918,-122.483594281266,San Francisco,2026-08-13T09:00:06.916402-07:00,False,,,,,,,,,
craigslist,"Cozy 1 bedroom, 1 bathroom apartment in San Francisco's Excelsior",Glen Park/Excelsior,935,1,1.0,https://www.craigslist.org/view/d/san-francisco-cozy-bedroom-bathroom/orFB2xvtUW84fnbXuiKxcL,37.7195013039708,-122.441099147519,San Francisco,2026-08-13T09:00:06.915665-07:00,False,,,,,,,,,
craigslist,Comfortable 1-BED/1-BATH — 💕,Potrero Hill,870,1,1.0,https://www.craigslist.org/view/d/san-francisco-comfortable-bed-bath/mhS88CBaYczuubJnnZeTLC,37.7621012889942,-122.397099426603,San Francisco,2026-08-13T09:00:06.914985-07:00,False,,,,,,,,,
craigslist,Enjoy the relaxed neighborhood atmosphere of Glen Park,,930,1,1.0,https://www.craigslist.org/view/d/san-francisco-enjoy-the-relaxed/oVGLxnEDpuQmvxd8STh739,37.7450013635995,-122.438299102775,San Francisco,2026-08-13T09:00:06.914299-07:00,False,,,,,,,,,
craigslist,This beautifully renovated 1-bedroom / 1-bathroom apartment,Inner Richmond,1180,1,1.0,https://www.craigslist.org/view/d/san-francisco-this-beautifully/bnH3kLbk3wEhYSJQgxxPWo,37.7879875221768,-122.433345882636,San Francisco,2026-08-13T09:00:06.913590-07:00,False,,,,,20.0,6.0,,82.0,"1, 101, 22, 31, 38R, 49, 5"
craigslist,"Charming 1 bedroom, 1 bathroom apartment in the sought-after Bernal",Mission,905,1,1.0,https://www.craigslist.org/view/d/san-francisco-charming-bedroom-bathroom/bZ8mQNfadSdtgkfRdzoL4C,37.7508993911422,-122.415297712091,San Francisco,2026-08-13T09:00:06.912873-07:00,False,,,,,23.0,20.0,,73.0,"49, Yellow-N"
craigslist,**@** Sunny 1BD with Large Windows & Period Charm,,865,1,1.0,https://www.craigslist.org/view/d/san-francisco-sunny-1bd-with-large/cRozxF5yncR4TjVxXBi5th,37.7928983434387,-122.407906556534,San Francisco,2026-08-13T09:00:06.912143-07:00,False,,,,,,,,,
craigslist,~!@@Bright and comfortable 1 bedroom 1 bathroom apartment!@@,Way Out There,1058,1,1.0,https://www.craigslist.org/view/d/san-francisco-bright-and-comfortable/iFBTj8C9BoyRpbiB2oCqEw,37.7505957235108,-122.479443774999,San Francisco,2026-08-13T09:00:06.911394-07:00,False,,,,,,,,,
craigslist,$$$Exquisite 3BD/1BA Sunset - With Stunning Pacific Ocean Views!$$$,Way Out There,1900,3,1.0,https://www.craigslist.org/view/d/san-francisco-exquisite-3bd-1ba-sunset/hmMeM4nnW3PHhf84iLEhNS,37.7474026297187,-122.487817553174,San Francisco,2026-08-13T09:00:06.910681-07:00,False,,,,,39.0,17.0,,57.0,"48, 49, 6, 66, 7, L"
craigslist,###Wonderful 2 bedroom 2 bath marina style home!###,Way Out There,1659,2,2.0,https://www.craigslist.org/view/d/san-francisco-wonderful-bedroom-bath/f6k3HYcLvXbBMZbJG98wrj,37.7746651075252,-122.476821347171,San Francisco,2026-08-13T09:00:06.909951-07:00,False,,,,,29.0,7.0,,65.0,"31, 5, 5R"
craigslist,"Includes a 1-car garage, extra storage - a quiet backyard!",Glen Park/Excelsior,2100,3,3.0,https://www.craigslist.org/view/d/san-francisco-includes-1-car-garage/g36jmBmadcvbdjPLCoGJWE,37.7247444407537,-122.426059005398,San Francisco,2026-08-13T09:00:06.909061-07:00,False,,,,,42.0,13.0,,48.0,"14R, 49, 54, Red-N"
craigslist,"This modern 1-bedroom, 1-bathroom apartment",,1183,1,1.0,https://www.craigslist.org/view/d/san-francisco-this-modern-bedroom/sQoYyAd1z8GdyWsCoeHa1n,37.805346424495,-122.411961951807,San Francisco,2026-08-13T08:40:06.875451-07:00,False,,,,,,,,,
craigslist,1Bedroom 1 Bath Luxury Condo : The Beacon 250 King Street #866,,4100,1,1.0,https://www.craigslist.org/view/d/san-francisco-1bedroom-bath-luxury/f3peZQ3B8BnCT5RadvDWJK,37.7772096130932,-122.392960379491,San Francisco,2026-08-13T08:40:06.874742-07:00,False,,,,,,,,,
craigslist,"!!Charming 1-bedroom, 1-bath available","Haight/Cole Valley,Panhandle",850,1,1.0,https://www.craigslist.org/view/d/san-francisco-charming-bedroom-bath/acjYHDpdiLMFRzXeHjbfoa,37.7711987128648,-122.441309995988,San Francisco,2026-08-13T08:40:06.874003-07:00,False,,,,,21.0,4.0,,82.0,"24, 49, 5, 5R, 6, 7"
craigslist,Stylish Urban 1BR Flat with Contemporary 1Bathroom,Inner Richmond,850,1,1.0,https://www.craigslist.org/view/d/san-francisco-stylish-urban-1br-flat/3HyFmCF8nRmpC2wK6mTHPX,37.7812014100517,-122.461398469242,San Francisco,2026-08-13T08:40:06.873211-07:00,False,,,,,26.0,12.0,,76.0,"31, 38, 38R, 5"
craigslist,Stylish Urban 1BR Flat with Contemporary 1Bathroom,Castro/Noe,860,1,1.0,https://www.craigslist.org/view/d/san-francisco-stylish-urban-1br-flat/isovfk2AuttJWrmApceMRP,37.7586996385647,-122.433002107959,San Francisco,2026-08-13T08:40:06.872264-07:00,False,,,,,22.0,19.0,,86.0,"24, 33, 49, 5R, K, L, M"
craigslist,"Now Showing, Gated, Washer and Dryer, Pets Welcome",,4594,1,1.0,https://www.craigslist.org/view/d/san-francisco-now-showing-gated-washer/ufNLwUUaomyXFGxZn2sxaz,37.7752730157458,-122.415909631016,San Francisco,2026-08-13T08:20:06.142673-07:00,False,,,,,,,,,
craigslist,"Sunny 2BR/2BA Bayview Townhouse with Backyard, Garage",,1420,2,2.0,https://www.craigslist.org/view/d/san-francisco-sunny-2br-2ba-bayview/mjizcguKKHPNe6BB26MNWH,37.7309008722621,-122.388597878839,San Francisco,2026-08-13T08:20:06.141987-07:00,False,,,,,,,,,
craigslist,Welcome to this charming home featuring 2 spacious bedroom 1 bathroom,Way Out There,2000,2,1.0,https://www.craigslist.org/view/d/san-francisco-welcome-to-this-charming/sCvC5qMvY4478FSrXd4QRM,37.7505957235108,-122.479443774999,San Francisco,2026-08-13T08:20:06.141278-07:00,False,,,,,36.0,11.0,,58.0,"28R, 48, 49, 5R, L, M"
craigslist,Enjoy this 1-bedroom apartment on the 1st floor.,,850,1,1.0,https://www.craigslist.org/view/d/san-francisco-enjoy-this-bedroom/8tKFSXJdJ7CMme4YKdeQ4X,37.799899314737,-122.434205319329,San Francisco,2026-08-13T08:20:06.140535-07:00,False,,,,,,,,,
craigslist,"1 Bed, 1 Bath Townhome Apartment with Beautiful View! Unit GO154",,3125,1,1.0,https://www.craigslist.org/view/d/san-francisco-bed-bath-townhome/uEGz9CmPbQGpVPnSVrrGvA,37.7180053111677,-122.475359731835,San Francisco,2026-08-13T08:20:06.139757-07:00,False,,,,,,,,,
craigslist,"Move-In Ready 2BR/2BA Excelsior Home with Media Room,",Glen Park/Excelsior,1890,3,2.0,https://www.craigslist.org/view/d/san-francisco-move-in-ready-2br-2ba/t9p8dW7593VMRjdznZMq3M,37.7195013039708,-122.441099147519,San Francisco,2026-08-13T08:20:06.138876-07:00,False,,,,,33.0,23.0,,55.0,"49, Yellow-N"
craigslist,"Welcome home to this charming 1-bedroom, 1-bathroom",,995,1,1.0,https://www.craigslist.org/view/d/san-francisco-welcome-home-to-this/aeQ8dvhrRPrSey8eedbwVD,37.7311569843965,-122.396894307712,San Francisco,2026-08-13T08:00:06.155927-07:00,False,,,,,,,,,
craigslist,Welcome to this charming home featuring 1 spacious bedroom,Way Out There,999,1,1.0,https://www.craigslist.org/view/d/san-francisco-welcome-to-this-charming/uop8H7Z1Z5cZfN3oUbdqtH,37.7505957235108,-122.479443774999,San Francisco,2026-08-13T08:00:06.155208-07:00,False,,,,,,,,,
craigslist,*Newly remodeled never lived in since renovation of unit**,Way Out There,1030,1,1.0,https://www.craigslist.org/view/d/san-francisco-newly-remodeled-never/bCerZkVgyjte1LCAqfRYSb,37.7798251654279,-122.492245943972,San Francisco,2026-08-13T08:00:06.154506-07:00,False,,,,,,,,,
craigslist,"Elegant 1 Bedroom, 1 Bathroom Victorian Apartment – Nob Hill, San Fran",,1350,1,1.0,https://www.craigslist.org/view/d/san-francisco-elegant-bedroom-bathroom/ipd98PijVYHi9SrzN64ods,37.7919283258915,-122.41420909228,San Francisco,2026-08-13T08:00:06.153810-07:00,False,,,,,,,,,
craigslist,"Furnished 2BR San Francisco Home with Backyard, Patio",Glen Park/Excelsior,1280,2,1.0,https://www.craigslist.org/view/d/san-francisco-furnished-2br-san/2EYS9AvcD4HdCsHzNZLWx1,37.7195013039708,-122.441099147519,San Francisco,2026-08-13T08:00:06.153092-07:00,False,,,,,33.0,23.0,,55.0,"49, Yellow-N"
craigslist,This unit features a modern kitchen with high-end stainless,Mission,1050,1,1.0,https://www.craigslist.org/view/d/san-francisco-this-unit-features-modern/nBR9uE9f2rXDGGTVFNYKxy,37.7680296833001,-122.424006670576,San Francisco,2026-08-13T08:00:06.152359-07:00,False,,,,,13.0,7.0,,70.0,"49, K"
craigslist,"Charming 2 Bedroom, 1 Bathroom Unit with Private Backyard – San Franci",,1750,2,1.0,https://www.craigslist.org/view/d/san-francisco-charming-bedroom-bathroom/oFQWRfzrT94f1ohyGYkMgu,37.7311569843965,-122.396894307712,San Francisco,2026-08-13T08:00:06.151617-07:00,False,,,,,,,,,
craigslist,This contemporary 2 level condominium located on top of Potrero Hill,Potrero Hill,1022,1,1.0,https://www.craigslist.org/view/d/san-francisco-this-contemporary-level/fvzDJ4Atbvj4xHGDnMG9VT,37.7569068536239,-122.398902524784,San Francisco,2026-08-13T08:00:06.150926-07:00,False,,,,,,,,,
craigslist,Newly updated 1 bed 1 bath apartment with separate living room,,995,1,1.0,https://www.craigslist.org/view/d/san-francisco-newly-updated-bed-bath/vWZpHcaso4b3Aj9xo81y4L,37.7966615302369,-122.413477998133,San Francisco,2026-08-13T08:00:06.150208-07:00,False,,,,,,,,,
craigslist,"Welcome to 257 Chenery Street, a beautifully updated 950!!",Glen Park/Excelsior,966,1,1.0,https://www.craigslist.org/view/d/san-francisco-welcome-to-257-chenery/bPdZ37C9WBNQ9BD2LnCcve,37.737833088625,-122.426823904055,San Francisco,2026-08-13T08:00:06.149479-07:00,False,,,,,,,,,
craigslist,"Charming 2BR Home with Hardwood Floors, Fireplace, Garage",Way Out There,1310,2,1.0,https://www.craigslist.org/view/d/san-francisco-charming-2br-home-with/ctWaXvWKfTXUmWyzfuEVn5,37.7441001009878,-122.486301506848,San Francisco,2026-08-13T08:00:06.148569-07:00,False,,,,,33.0,14.0,,67.0,"48, 49, 6, 66, L"
craigslist,Bright and Spacious 1BR w/ In-Unit Laundry,Mission,900,1,1.0,https://www.craigslist.org/view/d/san-francisco-bright-and-spacious-1br/5VPs1RqAecvgak3wrMLHAE,37.7508993911422,-122.415297712091,San Francisco,2026-08-13T07:40:06.649129-07:00,False,,,,,23.0,20.0,,79.0,"14R, 49, Yellow-N"
craigslist,Duboce Triangle 2-bedroom 2-batthroom in Prime Central SF Location,Duboce,4400,2,2.0,https://www.craigslist.org/view/d/san-francisco-duboce-triangle-bedroom/j1hSoMMWj1xKmLRhdMbw9n,37.7657894183213,-122.436236454712,San Francisco,2026-08-13T07:40:06.648219-07:00,False,,,,,19.0,10.0,,82.0,"24, 49, 5R, K, L, M"
craigslist,Quiet Hilltop 1BR with Great City Views 🏞️,Potrero Hill,850,1,1.0,https://www.craigslist.org/view/d/san-francisco-quiet-hilltop-1br-with/cNWPbyjEm4EdR2BgUmo5NT,37.7621012889942,-122.397099426603,San Francisco,2026-08-13T07:20:06.388503-07:00,False,,,,,,,,,
craigslist,Modern Loft-Style Studio in Prime SoMa Location 🏙️,,850,1,1.0,https://www.craigslist.org/view/d/san-francisco-modern-loft-style-studio/76nTCw2qCanXE9ehCYtWyF,37.7724999000175,-122.414693814574,San Francisco,2026-08-13T07:20:06.387776-07:00,False,,,,,,,,,
craigslist,Spacious 1BR w/ Balcony Near UCSF & Golden Gate,Way Out There,850,1,1.0,https://www.craigslist.org/view/d/san-francisco-spacious-1br-balcony-near/oWbspfH3ZiZVxsuVvD26hR,37.7593006712918,-122.483594281266,San Francisco,2026-08-13T07:20:06.387075-07:00,False,,,,,,,,,
craigslist,Large 1 Bedroom apartment for rent in Hayes Valley location,Hayes Valley,850,1,1.0,https://www.craigslist.org/view/d/san-francisco-large-bedroom-apartment/jUVb1j7TqNVgVYXUGEp7qG,37.7764172124626,-122.422876224846,San Francisco,2026-08-13T07:20:06.386371-07:00,False,,,,,9.0,8.0,,64.0,6
craigslist,Quincy – Modern San Francisco Living in the Heart of the Bay Area,Potrero Hill,1000,2,1.0,https://www.craigslist.org/view/d/san-francisco-quincy-modern-san/rtBnuy9A7hJojqPzobMR9E,37.7621012889942,-122.397099426603,San Francisco,2026-08-13T07:20:06.384954-07:00,False,,,,,28.0,11.0,,73.0,"19, 22, 49, 5, 55, 9R"
craigslist,Junior 1 bedroom apartment rental is ready for you!,,890,1,1.0,https://www.craigslist.org/view/d/san-francisco-junior-bedroom-apartment/pBSaokU9KRcQV3tYMY3Xe3,37.8001995446216,-122.409109767903,San Francisco,2026-08-13T07:20:06.384211-07:00,False,,,,,,,,,
craigslist,Rennovated Apartment Available!,Inner Richmond,880,1,1.0,https://www.craigslist.org/view/d/san-francisco-rennovated-apartment/6eW9gSN8ZU7oLgSJfgtHGP,37.7856000070447,-122.435799287915,San Francisco,2026-08-13T07:20:06.383441-07:00,False,,,,,20.0,14.0,,82.0,"2, 22, 24, 31, 38, 49, 5, 5R"
craigslist,Beautiful 1 Bedroom / 1 Bathroom with Garage Great Location,,975,1,1.0,https://www.craigslist.org/view/d/san-francisco-beautiful-bedroom/ttHsmNuvfzVkQav6rpMkKg,37.799899314737,-122.434205319329,San Francisco,2026-08-13T07:20:06.382531-07:00,False,,,,,,,,,
craigslist,Large 1BR with Garage in Central Richmond 🚗,Inner Richmond,900,1,1.0,https://www.craigslist.org/view/d/san-francisco-large-1br-with-garage-in/jBozjijYjqQid2uMbzdtA6,37.7812014100517,-122.461398469242,San Francisco,2026-08-13T07:00:06.215352-07:00,False,,,,,24.0,9.0,,80.0,"31, 38, 38R, 5"
craigslist,Bright and spacious 2 BR 1 BA single-family home in the Parkside!,Way Out There,1090,2,1.0,https://www.craigslist.org/view/d/san-francisco-bright-and-spacious-br-ba/msaEcbnmJZSq4prxzMfwmJ,37.7436629341901,-122.4843391264,San Francisco,2026-08-13T07:00:06.214648-07:00,False,,,,,31.0,13.0,,71.0,"28R, 48, 49, 5R, L"
craigslist,Sunny 1BR with Bay Views in Pacific Heights 🏡,Inner Richmond,890,1,1.0,https://www.craigslist.org/view/d/san-francisco-sunny-1br-with-bay-views/d5QTHKD9EhsMnPZT12B8Ae,37.7856000070447,-122.435799287915,San Francisco,2026-08-13T07:00:06.213932-07:00,False,,,,,20.0,14.0,,82.0,"22, 24, 31, 38, 38R, 5, 5R"
craigslist,Top-Floor 1BR in Mission District  Remodeled Kitchen | Alta Plaza View,Mission,950,1,1.0,https://www.craigslist.org/view/d/san-francisco-top-floor-1br-in-mission/pkwg9XU5yNdfqZj3kf1KeR,37.7508993911422,-122.415297712091,San Francisco,2026-08-13T07:00:06.213202-07:00,False,,,,,23.0,20.0,,79.0,"14R, 49, Yellow-N"
craigslist,**NICE 1 BEDROOM UNIT**,,850,1,1.0,https://www.craigslist.org/view/d/san-francisco-nice-bedroom-unit/ni2rwG5E2kUGJbTXYoydTS,37.799899314737,-122.434205319329,San Francisco,2026-08-13T07:00:06.212492-07:00,False,,,,,,,,,
craigslist,UNIQUE CONDO,,3000,1,1.0,https://www.craigslist.org/view/d/san-francisco-unique-condo/dj32JcPicvQY6sMqfKqdNs,37.778124626692,-122.391839674044,San Francisco,2026-08-13T07:00:06.211753-07:00,False,,,,,,,,,
craigslist,Spacious 1BR w/ Balcony Near UCSF & Golden Gate 🌉,Way Out There,830,1,1.0,https://www.craigslist.org/view/d/san-francisco-spacious-1br-balcony-near/9FKqK8LY989bqKszbMeKuX,37.7593006712918,-122.483594281266,San Francisco,2026-08-13T07:00:06.211039-07:00,False,,,,,,,,,
craigslist,Sunny 1BR with Bay Views in Pacific Heights 🏡,Inner Richmond,800,1,1.0,https://www.craigslist.org/view/d/san-francisco-sunny-1br-with-bay-views/ewSbBTT6sPDA7gdk6Ar6Du,37.7856000070447,-122.435799287915,San Francisco,2026-08-13T07:00:06.210275-07:00,False,,,,,20.0,14.0,,82.0,"22, 24, 31, 38, 38R, 5, 5R"
craigslist,Spacious 1BR w/ Balcony Near UCSF & Golden Gate 🌉,Way Out There,825,1,1.0,https://www.craigslist.org/view/d/san-francisco-spacious-1br-balcony-near/7FWd1JDzdHBkCJ7miLo7C6,37.7593006712918,-122.483594281266,San Francisco,2026-08-13T07:00:06.209375-07:00,False,,,,,,,,,
craigslist,~Cozy 1BR Flat in the Heart of the Mission 🌇,Mission,900,1,1.0,https://www.craigslist.org/view/d/san-francisco-cozy-1br-flat-in-the/7G6pTa9cVpEfwq8brxZqTn,37.7508993911422,-122.415297712091,San Francisco,2026-08-13T06:40:06.180426-07:00,False,,,,,23.0,20.0,,79.0,"14R, 49, Yellow-N"
craigslist,Top-Floor 1BR in Pacific Heights | Remodeled Kitchen | Alta Plaza View,Inner Richmond,4100,1,1.0,https://www.craigslist.org/view/d/san-francisco-top-floor-1br-in-pacific/n1C6hfay19U51KFTnEZSGP,37.7856000070447,-122.435799287915,San Francisco,2026-08-13T06:40:06.179717-07:00,False,,,,,20.0,14.0,,82.0,"22, 24, 31, 38, 38R, 5, 5R"
craigslist,Bright & Clean 1BR Walkable to Shops + Cable Car 🚋,,900,1,1.0,https://www.craigslist.org/view/d/san-francisco-bright-clean-1br-walkable/nNw9DnaW242fqVJg8cE4TC,37.7916997157313,-122.418600813779,San Francisco,2026-08-13T06:40:06.179031-07:00,False,,,,,,,,,
craigslist,Modern Loft-Style Studio in Prime SoMa Location 🏙️,,920,1,1.0,https://www.craigslist.org/view/d/san-francisco-modern-loft-style-studio/u9vYXnLdaYU4SCBLCaRUsU,37.7724999000175,-122.414693814574,San Francisco,2026-08-13T06:40:06.178337-07:00,False,,,,,,,,,
craigslist,Spacious 1BR w/ Balcony Near UCSF & Golden Gate 🌉,Way Out There,850,1,1.0,https://www.craigslist.org/view/d/san-francisco-spacious-1br-balcony-near/nWm3fn4GFcP7QTALgmPSZ5,37.7593006712918,-122.483594281266,San Francisco,2026-08-13T06:40:06.177636-07:00,False,,,,,,,,,
craigslist,Private Garden 1BR on Bernal Hill 🌿,Mission,840,1,1.0,https://www.craigslist.org/view/d/san-francisco-private-garden-1br-on/v2BC43RfCb8W9a6feqFWSh,37.7508993911422,-122.415297712091,San Francisco,2026-08-13T06:40:06.176937-07:00,False,,,,,23.0,20.0,,79.0,"14R, 49, Yellow-N"
craigslist,Quiet Hilltop 1BR with Great City Views 🏞️,Potrero Hill,890,1,1.0,https://www.craigslist.org/view/d/san-francisco-quiet-hilltop-1br-with/udmopjCPyf63bRyKmXaknH,37.7621012889942,-122.397099426603,San Francisco,2026-08-13T06:40:06.175429-07:00,False,,,,,,,,,
craigslist,Updated 1 bedroom in Trendy Hayes Valley 💼,,850,1,1.0,https://www.craigslist.org/view/d/san-francisco-updated-bedroom-in-trendy/qYf4tCbsTX4a2HqT87hvmF,37.7813005317502,-122.416702031646,San Francisco,2026-08-13T06:40:06.173803-07:00,False,,,,,,,,,
craigslist,Duboce Triangle Edwardian 2-Bedroom w/Viking Kitchen & Storage ,Duboce,4500,2,1.0,https://www.craigslist.org/view/d/san-francisco-duboce-triangle-edwardian/cyiRDBCip67bpTU2cV8ZXC,37.7655264306933,-122.433216967132,San Francisco,2026-08-13T06:00:06.226471-07:00,False,,,,,17.0,9.0,,82.0,"49, F, K, L, M"
craigslist,"Amazing 2 bedroom, 2 full bathroom condo in of Lower Pacific Heights",Inner Richmond,4395,2,2.0,https://www.craigslist.org/view/d/san-francisco-amazing-bedroom-full/nvHnwaZ3irU53jQ2wAw37E,37.7870822488606,-122.440484363805,San Francisco,2026-08-13T06:00:06.225711-07:00,False,,,,,21.0,4.0,,82.0,"24, 31, 38, 38R, 5, 5R"
craigslist,Remodeled 1BR with In-Unit Laundry | Lower Nob Hill,,3995,1,1.0,https://www.craigslist.org/view/d/san-francisco-remodeled-1br-with-in/aQhdvt88onDh8wzUaf436j,37.7871882460527,-122.417097945483,San Francisco,2026-08-13T06:00:06.224924-07:00,False,,,,,,,,,
craigslist,"Stunning View Home | Expansive Space, Decks + Garden | 2-Car Parking",,1100,2,2.0,https://www.craigslist.org/view/d/san-francisco-stunning-view-home/rijsEVXkBRyuVoVkURh8fT,37.8008762077776,-122.420759145793,San Francisco,2026-08-13T06:00:06.224035-07:00,False,,,,,,,,,
craigslist,Junior 1 bedroom apartment rental is ready for you!,,1100,1,1.0,https://www.craigslist.org/view/d/san-francisco-junior-bedroom-apartment/9srDnsCNDtGc1Dfftw6g9Y,37.8001995446216,-122.409109767903,San Francisco,2026-08-13T05:40:06.089890-07:00,False,,,,,,,,,
craigslist,Large 1 Bedroom apartment for rent in Hayes Valley location,,1150,1,1.0,https://www.craigslist.org/view/d/san-francisco-large-bedroom-apartment/cEdPRC3jonnGaYwTjy86hX,37.7813005317502,-122.416702031646,San Francisco,2026-08-13T05:40:06.089131-07:00,False,,,,,,,,,
craigslist,++Charming 1 Bedroom 1 Bath Apartment --in Downtown Noe Valley,Castro/Noe,1550,2,1.0,https://www.craigslist.org/view/d/san-francisco-charming-bedroom-bath/i8WyLip63hc9RX7vrSZFNv,37.7463816189279,-122.431495801916,San Francisco,2026-08-13T05:40:06.088258-07:00,True,,,,,28.0,12.0,,73.0,"24, 31, 49, 5R, J, M"
craigslist,**Bernal Heights 2BR Retreat — Skyline Views & Garden Yard**,Bernal,1775,2,1.0,https://www.craigslist.org/view/d/san-francisco-bernal-heights-2br/hwGD4okhrLUQ1xJDbxu41f,37.7439465482987,-122.407235049998,San Francisco,2026-08-13T05:20:06.197305-07:00,False,,,,,35.0,19.0,,60.0,"24, 27, 292, 49, 67, 9R, Blue-N"
craigslist,Spacious 1BR in Telegraph Hill | 880 Sq Ft | Garage Parking,,3110,1,1.0,https://www.craigslist.org/view/d/san-francisco-spacious-1br-in-telegraph/dwef9KcGBYL1JXqkrXAzWN,37.797399499877,-122.400104590238,San Francisco,2026-08-13T05:20:06.196371-07:00,False,,,,,,,,,
craigslist,"Marina Studio, this is a garden unit with lots of sun",,1050,1,1.0,https://www.craigslist.org/view/d/san-francisco-marina-studio-this-is/1PCjxo2hMEdCCC4LRzz9oi,37.799899314737,-122.434205319329,San Francisco,2026-08-13T05:00:06.561052-07:00,False,,,,,,,,,
craigslist,Classic 1908 Inner Richmond 3-Bedroom Flat w/Garden & Parking,NOPA/USF zone,4100,3,1.0,https://www.craigslist.org/view/d/san-francisco-classic-1908-inner/uLtxmEfhFAtns6qq1Xwnnt,37.7757852400146,-122.458475238571,San Francisco,2026-08-13T05:00:06.560317-07:00,False,,,,,22.0,6.0,,76.0,"31, 5, 5R"
craigslist,"This charming masterpiece of a single family home,",,1100,2,2.0,https://www.craigslist.org/view/d/san-francisco-this-charming-masterpiece/bbVfzcz7vnpVJ9D2id67To,37.7802760832126,-122.394530856807,San Francisco,2026-08-13T05:00:06.559527-07:00,False,,,,,,,,,
craigslist,Sunny 2BR Near Presidio with Included Parking,Inner Richmond,2795,2,1.0,https://www.craigslist.org/view/d/san-francisco-sunny-2br-near-presidio/aCdfUXvaC4FtDEyBc1wfSE,37.7812014100517,-122.461398469242,San Francisco,2026-08-13T04:40:06.788525-07:00,True,,,,,26.0,12.0,,76.0,"31, 38, 38R, 5"
craigslist,"Newly updated 2 bed, 1 bath apartment in Upper Nob Hill",,3995,2,1.0,https://www.craigslist.org/view/d/san-francisco-newly-updated-bed-bath/5GpUQ4og35F3Y7jYrs4pug,37.8001995446216,-122.409109767903,San Francisco,2026-08-13T04:40:06.787737-07:00,False,,,,,,,,,
craigslist,"1-bedroom, 1-bathroom ............",,895,1,1.0,https://www.craigslist.org/view/d/san-francisco-bedroom-bathroom/vKyk4LaXYCgjHhBXXmhkvf,37.7813005317502,-122.416702031646,San Francisco,2026-08-13T04:40:06.787013-07:00,False,,,,,,,,,
craigslist,Bright 1-Bedroom Apartment – Water & Garbage Included,,2185,1,1.0,https://www.craigslist.org/view/d/san-francisco-bright-bedroom-apartment/rzSHXPYUJC14m33iHP7JBT,37.799899314737,-122.434205319329,San Francisco,2026-08-13T04:20:06.273256-07:00,False,,,,,,,,,
craigslist,Fully Remodeled 1 Bedroom Apartment In Bayview San Francisco,,890,1,1.0,https://www.craigslist.org/view/d/san-francisco-fully-remodeled-bedroom/7oJKfLGbUUy9W6cG3kiwhB,37.7309008722621,-122.388597878839,San Francisco,2026-08-13T04:20:06.272572-07:00,False,,,,,,,,,
craigslist,Now Leasing! 1Bedroom 2nd floor-Remodeled-Available now,Inner Richmond,900,1,1.0,https://www.craigslist.org/view/d/san-francisco-now-leasing-1bedroom-2nd/uzQDYxx3JVH5AgXXXqJ6kt,37.7812014100517,-122.461398469242,San Francisco,2026-08-13T04:20:06.271837-07:00,False,,,,,26.0,12.0,,76.0,"31, 38, 38R, 5"
craigslist,Renovated Large 1x1 Parking Included,,955,1,1.0,https://www.craigslist.org/view/d/san-francisco-renovated-large-1x1/vG1BKnXPuTnSd3o48bEVT4,37.7916997157313,-122.418600813779,San Francisco,2026-08-13T04:20:06.271117-07:00,False,,,,,,,,,
craigslist,Lovely One Bedroom Apartment with Nearby Shopping Options,Castro/Noe,945,1,1.0,https://www.craigslist.org/view/d/san-francisco-lovely-one-bedroom/aVeuyPy2XHi4UATsV3FPjt,37.7586996385647,-122.433002107959,San Francisco,2026-08-13T04:20:06.270411-07:00,False,,,,,22.0,19.0,,86.0,"24, 33, 49, 5R, K, L, M"
craigslist,Renovated 1 & 1 Bedrooms Available For Move In! 1 Month Free! Call Now,,935,1,1.0,https://www.craigslist.org/view/d/san-francisco-renovated-bedrooms/8DUVyhDNyuacocfNSddJY6,37.7189988199844,-122.409598500903,San Francisco,2026-08-13T04:20:06.269697-07:00,False,,,,,,,,,
craigslist,Sunny 2 Bedroom 2 Bathroom Townhouse With Backyard,,1585,2,2.0,https://www.craigslist.org/view/d/san-francisco-sunny-bedroom-bathroom/wvfmdB2pGFyV8SSq55m7Lb,37.7309008722621,-122.388597878839,San Francisco,2026-08-13T04:20:06.269005-07:00,False,,,,,,,,,
craigslist,Pet-Free 1BR with Attached Garage & High-Speed Internet,,1795,1,1.0,https://www.craigslist.org/view/d/san-francisco-pet-free-1br-with/xnAJD8rbGUJkTdevjKg3WD,37.8001995446216,-122.409109767903,San Francisco,2026-08-13T04:20:06.268270-07:00,False,,,,,,,,,
craigslist,"++Modern Dolores Heights Stay — Yard, Views, Renovated Finishes",Mission,1450,1,1.0,https://www.craigslist.org/view/d/san-francisco-modern-dolores-heights/fWYVwzyaUVYczTWWAyTJpD,37.7507011477451,-122.415158483346,San Francisco,2026-08-13T04:20:06.267373-07:00,False,,,,,24.0,20.0,,71.0,"49, Yellow-N"
craigslist,@#Renovated 1BR in Potrero Hill | City Views | Backyard,Potrero Hill,1500,1,1.0,https://www.craigslist.org/view/d/san-francisco-renovated-1br-in-potrero/4mmjyoKVnNwcpY5dKwexjh,37.7614246258382,-122.397134949986,San Francisco,2026-08-13T04:00:06.760028-07:00,False,,,,,,,,,
craigslist,Charming 2 Bedroom 1 Bathroom Apartment In Noe Valley,Castro/Noe,1650,2,1.0,https://www.craigslist.org/view/d/san-francisco-charming-bedroom-bathroom/n7wCoAN37JcfpyF3CLALE1,37.752169638574,-122.42747994073,San Francisco,2026-08-13T04:00:06.759253-07:00,True,,,,,28.0,11.0,,76.0,"48, 49, J, Red-N, Yellow-N"
craigslist,"Off-Street Parking, Extra Storage, High-Speed Internet",Potrero Hill,890,1,1.0,https://www.craigslist.org/view/d/san-francisco-off-street-parking-extra/b5K3idtFbnHGyUGvUyYeRr,37.7621012889942,-122.397099426603,San Francisco,2026-08-13T04:00:06.757808-07:00,False,,,,,,,,,
craigslist,"Charming 1 bedroom, 1 bathroom apartment in San Francisco",Inner Richmond,780,1,1.0,https://www.craigslist.org/view/d/san-francisco-charming-bedroom-bathroom/5AxuLCAgTQn4yPAQD4ZHNG,37.7941789041107,-122.431537054877,San Francisco,2026-08-13T03:40:06.654969-07:00,False,,,,,21.0,13.0,,82.0,"101, 22, 24, 31, 49, 5"
craigslist,"2-bedroom, 2-bath apartment offering",,3525,2,2.0,https://www.craigslist.org/view/d/san-francisco-bedroom-bath-apartment/oBSWMECT7469bGgMai9k3s,37.8056162876165,-122.417862844139,San Francisco,2026-08-13T03:40:06.654257-07:00,False,,,,,,,,,
craigslist,"2-bedroom, 2-bath apartment",,2455,1,1.0,https://www.craigslist.org/view/d/san-francisco-bedroom-bath-apartment/xoV5uSu7LrEZt6kjryUXtM,37.7999606212211,-122.405377520826,San Francisco,2026-08-13T03:40:06.653558-07:00,False,,,,,,,,,
craigslist,Welcome to the crown jewel of San,,3670,2,2.0,https://www.craigslist.org/view/d/san-francisco-welcome-to-the-crown/n27H4MQPywt9LKwmcf5ujY,37.798680060549,-122.41556814817,San Francisco,2026-08-13T03:40:06.652835-07:00,False,,,,,,,,,
craigslist,Remodeled Top-Floor 2BR + Bonus Room | In-Unit Laundry | Near Castro,Castro/Noe,3650,2,1.0,https://www.craigslist.org/view/d/san-francisco-remodeled-top-floor-2br/anmXVfdp1fKsvTc3vAwkGe,37.7586996385647,-122.433002107959,San Francisco,2026-08-13T03:00:06.000349-07:00,True,,,,,22.0,19.0,,86.0,"24, 33, 49, 5R, K, L, M"
craigslist,Last Available Available One Bedroom - Schedule a Tour today!,,895,1,1.0,https://www.craigslist.org/view/d/san-francisco-last-available-available/dfj94jSbueAKSWncnHWJQ8,37.7189988199844,-122.409598500903,San Francisco,2026-08-13T03:00:05.999630-07:00,False,,,,,,,,,
craigslist,OPEN HOUSE TODAY! Section 8 welcome! Pets OK! BRIGHT,,899,1,1.0,https://www.craigslist.org/view/d/san-francisco-open-house-today-section/eGzdX2WuWQXWAgES1E3KTR,37.7916997157313,-122.418600813779,San Francisco,2026-08-13T03:00:05.998939-07:00,False,,,,,,,,,
craigslist,"Updated, very clean and sunny one bedroom apartment",,905,1,1.0,https://www.craigslist.org/view/d/san-francisco-updated-very-clean-and/1pua2GZJdik68reZGu2M4z,37.7813005317502,-122.416702031646,San Francisco,2026-08-13T03:00:05.998249-07:00,False,,,,,,,,,
craigslist,1 bed 1st floor double parlor all brand new,"Haight/Cole Valley,Panhandle",915,1,1.0,https://www.craigslist.org/view/d/san-francisco-bed-1st-floor-double/9BFvGe1gtd9a4GZEwvyPeB,37.7711987128648,-122.441309995988,San Francisco,2026-08-13T03:00:05.997544-07:00,False,,,,,21.0,4.0,,82.0,"24, 49, 5, 5R, 6, 7"
craigslist,"Stunning View 1BR | 1,400 Sq Ft | Top-Floor Corner | Remodeled Kitchen",,4270,1,1.0,https://www.craigslist.org/view/d/san-francisco-stunning-view-1br-sq-ft/kkj2JCHf8A2vsmYRVgPFuM,37.7916997157313,-122.418600813779,San Francisco,2026-08-13T03:00:05.996808-07:00,False,,,,,,,,,
craigslist,"Freshly Renovated 1-Bedroom, 1-Bathroom Corner Unit!",,919,1,1.0,https://www.craigslist.org/view/d/san-francisco-freshly-renovated-bedroom/riQoyeEoULvQQMGBhYw8xa,37.7916997157313,-122.418600813779,San Francisco,2026-08-13T03:00:05.996095-07:00,False,,,,,,,,,
craigslist,Bright 2BR Living Near North Beach,,2000,2,2.0,https://www.craigslist.org/view/d/san-francisco-bright-2br-living-near/8qDYzVru5dr8MADSHtFs8G,37.8001044336276,-122.406265032451,San Francisco,2026-08-13T03:00:05.994599-07:00,False,,,,,,,,,
craigslist,Spacious 2BR/2BA in Haight-Ashbury | $4320 | Prime Location,"Haight/Cole Valley,Panhandle",4320,2,2.0,https://www.craigslist.org/view/d/san-francisco-spacious-2br-2ba-in/8L7eNrA9JkPZRXB6Sc3sqD,37.7711987128648,-122.441309995988,San Francisco,2026-08-13T03:00:05.993721-07:00,False,,,,,21.0,4.0,,82.0,"24, 49, 5, 5R, 6, 7"
craigslist,Luxurious Room for Rent in Vibrant SoMa Apartment!,,925,1,1.0,https://www.craigslist.org/view/d/san-francisco-luxurious-room-for-rent/5KQitZYZ3PWHKA5rnCrBsb,37.7724999000175,-122.414693814574,San Francisco,2026-08-13T02:40:06.191137-07:00,False,,,,,,,,,
craigslist,Rennovated Apartment Available!,"Haight/Cole Valley,Panhandle",890,1,1.0,https://www.craigslist.org/view/d/san-francisco-rennovated-apartment/cMG9mEEMUzSbzof9eXQfgw,37.7711987128648,-122.441309995988,San Francisco,2026-08-13T02:40:06.190438-07:00,False,,,,,21.0,4.0,,82.0,"24, 49, 5, 5R, 6, 7"
craigslist,Bright 2-Bedroom SF Home Near SFSU,Way Out There,1960,2,1.0,https://www.craigslist.org/view/d/san-francisco-bright-bedroom-sf-home/rchWXKajcKAVwEaVxhFk9H,37.7505957235108,-122.479443774999,San Francisco,2026-08-13T02:40:06.189019-07:00,False,,,,,40.0,14.0,,51.0,"28, 48, 49, 5R, 7, L"
craigslist,"Fully remodel 1 bedroom + 1 office, full kitchen",Inner Richmond,900,1,1.0,https://www.craigslist.org/view/d/san-francisco-fully-remodel-bedroom/3DPd8CjmASNMMJ34jXFVgn,37.7856000070447,-122.435799287915,San Francisco,2026-08-13T02:40:06.187513-07:00,False,,,,,20.0,14.0,,82.0,"22, 24, 31, 38, 38R, 5"
craigslist,Updated 1-Bedroom Duplex Available Now!,Inner Richmond,910,1,1.0,https://www.craigslist.org/view/d/san-francisco-updated-bedroom-duplex/3TT7fcigwznXuCr3JN5kZp,37.7812014100517,-122.461398469242,San Francisco,2026-08-13T02:40:06.186629-07:00,False,,,,,26.0,12.0,,76.0,"31, 38, 38R, 5"
craigslist,Updated large 1 bedroom unit,Way Out There,2450,1,1.0,https://www.craigslist.org/view/d/san-francisco-updated-large-bedroom-unit/uezQVT5TjADBENMZoq38ZT,37.7593006712918,-122.483594281266,San Francisco,2026-08-13T02:20:06.966643-07:00,False,,,,,,,,,
craigslist,Beautiful sunny 1 bed apartment,"Haight/Cole Valley,Panhandle",3500,1,1.0,https://www.craigslist.org/view/d/san-francisco-beautiful-sunny-bed/rwCKiHWPLLm3j4Jh9KtcNp,37.7711987128648,-122.441309995988,San Francisco,2026-08-13T02:20:06.965898-07:00,True,,,,,21.0,4.0,,82.0,"24, 49, 5, 5R, 6, 7"
craigslist,Bright and Spacious 1BR w/ In-Unit Laundry,Mission,910,1,1.0,https://www.craigslist.org/view/d/san-francisco-bright-and-spacious-1br/bKskEqhauJ1mbxnVEVrv49,37.7508993911422,-122.415297712091,San Francisco,2026-08-13T02:20:06.965176-07:00,False,,,,,23.0,20.0,,73.0,"49, Yellow-N"
craigslist,Welcome to your beautifully remodeled one-bedroom apartment.,,950,1,1.0,https://www.craigslist.org/view/d/san-francisco-welcome-to-your/e7yQTKfHH5Fjvw5BiSWhrC,37.7329566448309,-122.476056448514,San Francisco,2026-08-13T02:20:06.964442-07:00,False,,,,,,,,,
craigslist,Bright and spacious 2 BR 1 BA House,Way Out There,1100,2,1.0,https://www.craigslist.org/view/d/san-francisco-bright-and-spacious-br-ba/us2tf51op6voqiuryojZpf,37.7411699948236,-122.467780646122,San Francisco,2026-08-13T02:20:06.963679-07:00,False,,,,,26.0,16.0,,80.0,"48, 49, K, L, M"
craigslist,Immediate Move-In! 1BR Flat Near Golden Bernal Height – Prime Location,Mission,920,1,1.0,https://www.craigslist.org/view/d/san-francisco-immediate-move-in-1br/eWqfWMhXMxLPvvR292Me1c,37.7508993911422,-122.415297712091,San Francisco,2026-08-13T02:20:06.962917-07:00,False,,,,,23.0,20.0,,73.0,"49, Yellow-N"
craigslist,Beautiful 1 Bedroom / 1 Bathroom with Garage Great Location,Inner Richmond,895,1,1.0,https://www.craigslist.org/view/d/san-francisco-beautiful-bedroom/gVtnZ78Z1yS19kbJHrEwCi,37.7856000070447,-122.435799287915,San Francisco,2026-08-13T02:20:06.962019-07:00,False,,,,,20.0,14.0,,82.0,"22, 24, 31, 38, 38R, 5"
craigslist,Sunny 1-Bedroom with Gas Cooking & Heating,Inner Richmond,900,1,1.0,https://www.craigslist.org/view/d/san-francisco-sunny-bedroom-with-gas/2jSLARra9Jon3RcFkamTmw,37.7812014100517,-122.461398469242,San Francisco,2026-08-13T02:00:06.252980-07:00,False,,,,,26.0,12.0,,76.0,"31, 38, 38R, 5"
craigslist,Affordable 1 Bedroom Apartment in North Beach,,895,1,1.0,https://www.craigslist.org/view/d/san-francisco-affordable-bedroom/tAeQ8uLPLB5RXHQ17Dga13,37.8001995446216,-122.409109767903,San Francisco,2026-08-13T02:00:06.252239-07:00,False,,,,,,,,,
craigslist,2 MONTHS FREE ON ALL RENOVATED APARTMENTS,Inner Richmond,910,1,1.0,https://www.craigslist.org/view/d/san-francisco-months-free-on-all/msxewwYMtcNbPgAkx2sDaY,37.7856000070447,-122.435799287915,San Francisco,2026-08-13T02:00:06.251489-07:00,False,,,,,20.0,14.0,,82.0,"22, 24, 31, 38, 38R, 5"
craigslist,"Nicely 1 Bedroom, 1 Bath in great neighborhood with off street parking",Castro/Noe,870,1,1.0,https://www.craigslist.org/view/d/san-francisco-nicely-bedroom-bath-in/5X7PXCCvsRiTLSKqWhz8F8,37.7586996385647,-122.433002107959,San Francisco,2026-08-13T02:00:06.250730-07:00,False,,,,,22.0,19.0,,86.0,"24, 33, 49, 5R, K, L, M"
craigslist,Newly renovated - Nice and bright studio with beautiful hardwood,Way Out There,920,1,1.0,https://www.craigslist.org/view/d/san-francisco-newly-renovated-nice-and/u9dxtaF7atUpYizEtMWthK,37.7441001009878,-122.486301506848,San Francisco,2026-08-13T02:00:06.249850-07:00,False,,,,,,,,,
craigslist,"This bright and spacious 1-bedroom, 1-bathroom apartment kor",,1400,1,1.0,https://www.craigslist.org/view/d/san-francisco-this-bright-and-spacious/cmJnd8YmrxkaD4PKYJCdSs,37.7515279258435,-122.446153781188,San Francisco,2026-08-13T01:40:06.633865-07:00,False,,,,,,,,,
craigslist,"Spacious 2-Bedroom Apartment in San Francisco — $2,499/Month",,2499,2,1.0,https://www.craigslist.org/view/d/san-francisco-spacious-bedroom/dr8qnqXFqWob5bKEhPcmZb,37.7329056515871,-122.40812313458,San Francisco,2026-08-13T01:00:06.295856-07:00,False,,,,,,,,,
craigslist,Updated 1BR/1BA Apartment in Prime Outer Sunset Location,Way Out There,1985,1,1.0,https://www.craigslist.org/view/d/san-francisco-updated-1br-1ba-apartment/797sdnVB1rHwRZnuEgHfY9,37.7602810020792,-122.509148198928,San Francisco,2026-08-13T01:00:06.294954-07:00,False,,,,,,,,,
craigslist,Charming San Francisco Oasis with Private Backyard,,1960,2,1.0,https://www.craigslist.org/view/d/san-francisco-charming-san-francisco/oNBqDFoyX6eha6Eqc3X9tv,37.7311569843965,-122.396894307712,San Francisco,2026-08-13T00:40:06.846056-07:00,False,,,,,,,,,
craigslist,Bright 2-Bedroom SF Home Near SFSU,Way Out There,1960,2,1.0,https://www.craigslist.org/view/d/san-francisco-bright-bedroom-sf-home/sPx9vbe659nMCwVxin3CZQ,37.7505957235108,-122.479443774999,San Francisco,2026-08-13T00:40:06.845359-07:00,False,,,,,40.0,14.0,,51.0,"28, 48, 49, 5R, 7, L"
craigslist,Bright 2BR Living Near North Beach,,2000,2,2.0,https://www.craigslist.org/view/d/san-francisco-bright-2br-living-near/gofyeWsEot4ZQcjH96rq3c,37.8001044336276,-122.406265032451,San Francisco,2026-08-13T00:40:06.844642-07:00,False,,,,,,,,,
craigslist,Modern 1-Bedroom Mission District Apartment,"Mission,Chill Mission",1455,1,2.0,https://www.craigslist.org/view/d/san-francisco-modern-bedroom-mission/g2rYwSuDP1hWSguLe3okGQ,37.7558342766314,-122.412193999714,San Francisco,2026-08-13T00:40:06.843119-07:00,False,,,,,25.0,11.0,,78.0,"27, 49, 9R, Yellow-N"
craigslist,"Affordable 2-Bedroom, 1-Bathroom Apartment",Castro/Noe,1000,2,1.0,https://www.craigslist.org/view/d/san-francisco-affordable-bedroom/1cXGDykHQdWP81yG8oAiJ3,37.752169638574,-122.42747994073,San Francisco,2026-08-13T00:20:07.147527-07:00,False,,,,,28.0,11.0,,76.0,"48, 49, J, Red-N, Yellow-N"
craigslist,Spacious 1BR Apartment in a Prime San Francisco Location,,1400,1,1.0,https://www.craigslist.org/view/d/san-francisco-spacious-1br-apartment-in/p7qHTfikuBLH7HQciaSVqw,37.7850608537595,-122.418735458861,San Francisco,2026-08-13T00:20:07.144901-07:00,False,,,,,,,,,
craigslist,1855 10th Ave. #4 - Charming 1x1 - Great Location - Pets Welcomed,Way Out There,3845,1,1.0,https://www.craigslist.org/view/d/san-francisco-th-ave-charming-1x1-great/iMQxEh8qV2ctkJxD6WxAep,37.7536381294028,-122.466657648843,San Francisco,2026-08-12T23:00:06.956779-07:00,False,,,,,,,,,
craigslist,Nob Hill 2bed Clay St dream apartment,,3000,2,1.0,https://www.craigslist.org/view/d/san-francisco-nob-hill-2bed-clay-st/xdHMu51P3PHpZiwrS4xkJ2,37.7929424611889,-122.416672810799,San Francisco,2026-08-12T20:40:06.209062-07:00,False,,,,,,,,,
craigslist,"Amazing  Large 1 Bedroom Near Restaurants, Cafes, and 101 Freeway",Mission,4395,1,1.0,https://www.craigslist.org/view/d/san-francisco-amazing-large-bedroom/h3TZbjEpdn31nMYgqWKxNe,37.7686988980048,-122.423231458679,San Francisco,2026-08-12T20:40:06.194824-07:00,False,,,,,14.0,7.0,,70.0,"49, F"
craigslist,You will love this 1 bed / 1 bath. A higher quality of living!,Inner Richmond,1950,1,1.0,https://www.craigslist.org/view/d/san-francisco-you-will-love-this-bed/axAjimZfj47wwUSZSrV8TC,37.7834009950271,-122.463406686314,San Francisco,2026-08-12T20:00:05.891275-07:00,True,,,,,29.0,13.0,,71.0,"1, 101, 31, 38, 38R, 44, 5R"
craigslist,"Spacious 1 BR w/ In-unit W/D, Large Built-in Closet + Utility Room | M",Mission,4195,1,1.0,https://www.craigslist.org/view/d/san-francisco-spacious-br-in-unit-d/4N1Lb1iBXfefvo7JBv4q2g,37.7666053102215,-122.41652441473,San Francisco,2026-08-12T19:40:06.954454-07:00,False,,,,,16.0,9.0,,76.0,"27, 49, Yellow-N"
craigslist,"Modern, fully equipped 1BR in great neighborhood!",Inner Richmond,1950,1,1.0,https://www.craigslist.org/view/d/san-francisco-modern-fully-equipped-1br/g1h248H7RLesdfryLD9Rhg,37.7834009950271,-122.463406686314,San Francisco,2026-08-12T19:20:06.665801-07:00,True,,,,,29.0,13.0,,71.0,"1, 101, 31, 38, 38R, 44, 5R"
craigslist,Beautiful 1 Bedroom-Comfort & Convenience,Inner Richmond,1950,1,1.0,https://www.craigslist.org/view/d/san-francisco-beautiful-bedroom-comfort/kLuurvDmqSnoUbBy7Y3mGR,37.7834009950271,-122.463406686314,San Francisco,2026-08-12T19:20:06.659460-07:00,True,,,,,29.0,13.0,,71.0,"1, 101, 31, 38, 38R, 44, 5R"
craigslist,Top Floor Pet-Friendly Lone Mountain 1BD near USF w/ Hardwood Floors,NOPA/USF zone,3500,1,1.0,https://www.craigslist.org/view/d/san-francisco-top-floor-pet-friendly/gzdbF77iAs6KwhZ5NPjy7W,37.7763146530173,-122.457491470037,San Francisco,2026-08-12T18:40:06.758401-07:00,True,,,,,23.0,8.0,,75.0,"31, 5, 5R"
craigslist,"Washer and Dryer, Great Location, Now Showing, Pets Welcome",,4436,1,1.0,https://www.craigslist.org/view/d/san-francisco-washer-and-dryer-great/k3uXCxQGcyWZUoFCLeGGgs,37.7752730157458,-122.415909631016,San Francisco,2026-08-12T18:20:06.258752-07:00,False,,,,,,,,,
craigslist,1 Bedroom *1 Full Bath + 1 Half Bath *Loft-Style Two-Level Layout,,1900,1,2.0,https://www.craigslist.org/view/d/san-francisco-bedroom-full-bath-half/kB2fVQxB66tw3Cpjpz1K8R,37.7770182451897,-122.415690761138,San Francisco,2026-08-12T18:20:06.257304-07:00,False,,,,,,,,,
craigslist,15-mo. | Upgrade Your Life-Rare 1 BR Bliss w/ Amazing Outdoor Spaces,Inner Richmond,3995,1,1.0,https://www.craigslist.org/view/d/san-francisco-15-mo-upgrade-your-life/rMTvLkyecMKYGDNkVNat7g,37.7831689471201,-122.432684689341,San Francisco,2026-08-12T17:40:06.614191-07:00,True,,,,,12.0,7.0,,82.0,"31, 38R, 5, 5R"
craigslist,1BR with Formal Dining Room - Entertain in Style,Inner Sunset,1920,1,1.0,https://www.craigslist.org/view/d/san-francisco-1br-with-formal-dining/uMUPtmjyide1TGN1ugX9A6,37.7621282180106,-122.467264984106,San Francisco,2026-08-12T17:40:06.592119-07:00,True,,,,,32.0,11.0,,69.0,"43, 44, 49, 5R, 6, 7, N"
craigslist,TMLP 12-mo. | Homes w/new Appliances & New Smart Home Features,,4528,1,1.0,https://www.craigslist.org/view/d/san-francisco-tmlp-12-mo-homes-new/d3DrTwh5pqFi2crescP1eR,37.7103654919279,-122.390889710019,San Francisco,2026-08-12T17:20:06.600943-07:00,False,,,,,,,,,
craigslist,TMLP 12-mo. | Amenities You Deserve & Lease Rates You'll Love!,,3338,1,1.0,https://www.craigslist.org/view/d/san-francisco-tmlp-12-mo-amenities-you/evNLhg3i6qcYmms6Q3DC4P,37.7775814627022,-122.41300588091,San Francisco,2026-08-12T17:20:06.599868-07:00,False,,,,,,,,,
craigslist,"OPEN SUN  2pm-2:30pm. 2-1BR,H/W,Yard,Pet Ok(780 Guerrero #9)",Mission,3995,2,1.0,https://www.craigslist.org/view/d/san-francisco-open-sun-2pm-230pm-1brh/s6sgTy3Nvc2a6AyKTSmonw,37.758665261097,-122.423532261522,San Francisco,2026-08-12T17:00:06.622618-07:00,True,,,,,20.0,8.0,,70.0,"49, Yellow-N"
craigslist,Dream big from this top-floor,,3400,2,2.0,https://www.craigslist.org/view/d/san-francisco-dream-big-from-this-top/jceYwrUrRS8i3zTxCYzRm7,37.7254772537736,-122.39424437791,San Francisco,2026-08-12T16:40:06.664435-07:00,False,,,,,,,,,
craigslist,"Stunning 1-Bed w/ Laundry, Upgrades, and Natural Lighting!",,3695,1,1.0,https://www.craigslist.org/view/d/san-francisco-stunning-bed-laundry/iKAxxUjEb6EE5PDxVV2oXx,37.7741563210031,-122.413314132204,San Francisco,2026-08-12T16:40:06.663692-07:00,False,,,,,,,,,
craigslist,Garden Loft Showcasing Fluid Layout & Entertainment Backbone,,3200,2,2.0,https://www.craigslist.org/view/d/san-francisco-garden-loft-showcasing/csuyN6qtYM1bSfLSBVSCAU,37.7775545336859,-122.413027080349,San Francisco,2026-08-12T16:40:06.662966-07:00,False,,,,,,,,,
craigslist,Gorgeous 4th Floor 1x1 for End of Aug- Call Today to Book!,,3795,1,1.0,https://www.craigslist.org/view/d/san-francisco-gorgeous-4th-floor-1x1/m1sVJhdNLSkDPtDJ1bcVL9,37.7741563210031,-122.413314132204,San Francisco,2026-08-12T16:40:06.662103-07:00,False,,,,,,,,,
craigslist,Modern 1BR Apartment with In-Unit Laundry in Nob Hill,,3795,1,1.0,https://www.craigslist.org/view/d/san-francisco-modern-1br-apartment-with/1vzLevep7ouXWyHWJWic7d,37.7871882460527,-122.417097945483,San Francisco,2026-08-12T16:00:06.308547-07:00,False,,,,,,,,,
craigslist,701 Taylor #201 - Beautiful 1x1 - Great Location - WD in Unit - LARGE,,4518,1,1.0,https://www.craigslist.org/view/d/san-francisco-701-taylor-beautiful-1x1/oumSKogKsXvdxWr3t45nMz,37.7888068518238,-122.411880018843,San Francisco,2026-08-12T16:00:06.307058-07:00,False,,,,,,,,,
craigslist,SOMA Classic Victorian 2-BR w/ parking,,4350,2,1.0,https://www.craigslist.org/view/d/san-francisco-soma-classic-victorian-br/uupZF68pKgMVrLK5zz8pV9,37.7726706414404,-122.415021546433,San Francisco,2026-08-12T16:00:06.306350-07:00,False,,,,,,,,,
craigslist,"Great Location, Stainless Steel Appliances, SoMa Life, Pet Park",,4391,1,1.0,https://www.craigslist.org/view/d/san-francisco-great-location-stainless/n4MmUU36SdN97Sx9YDz5aW,37.7752730157458,-122.415909631016,San Francisco,2026-08-12T16:00:06.305497-07:00,False,,,,,,,,,
craigslist,Beautiful updated 1/1 in Lower Nob Hill gleaming hardwood!,,3250,1,1.0,https://www.craigslist.org/view/d/san-francisco-beautiful-updated-1-in/mjMUuYNut1SY2GJnxe7Lpy,37.7899510485407,-122.410427570832,San Francisco,2026-08-12T15:20:06.811588-07:00,False,,,,,,,,,
craigslist,TMLP 12-mo. | High-rise modern apartments with luxury amenities,,3658,1,1.0,https://www.craigslist.org/view/d/san-francisco-tmlp-12-mo-high-rise/wwqPwHddE5T238NXrwmQnT,37.7791152707197,-122.41424289679,San Francisco,2026-08-12T15:00:06.621169-07:00,False,,,,,,,,,
craigslist,>>>  Spacious 2BD/1BA Home with Open-Concept Li,,3600,2,1.0,https://www.craigslist.org/view/d/san-francisco-spacious-2bd-1ba-home/KESdYZeW8RGedueWKE5_GQ,37.7372188778686,-122.390364880679,San Francisco,2026-08-12T15:00:06.620451-07:00,False,,,,,,,,,
craigslist,TMLP 12-mo. | Elevate Your Lifestyle with Top-Notch Amenities,,4111,1,1.0,https://www.craigslist.org/view/d/san-francisco-tmlp-12-mo-elevate-your/whWKhyrzmrbTyQ741Sz1ao,37.778401365307,-122.414338580742,San Francisco,2026-08-12T14:40:06.438863-07:00,False,,,,,,,,,
craigslist,"TMLP 15-mo. | Location, Community, Quality Living. It Starts Here!",,3267,1,1.0,https://www.craigslist.org/view/d/san-francisco-tmlp-15-mo-location/kMwLj1eXEieGLfcQvSsAeb,37.7916997157313,-122.418600813779,San Francisco,2026-08-12T14:40:06.438056-07:00,False,,,,,,,,,
craigslist,TMLP 12-mo. | Entertain in Style: Wood-Style Floors & Large Windows,,3338,1,1.0,https://www.craigslist.org/view/d/san-francisco-tmlp-12-mo-entertain-in/q6D95eVkbq64q8sNV66C1c,37.7775814627022,-122.41300588091,San Francisco,2026-08-12T14:40:06.437028-07:00,False,,,,,,,,,
craigslist,Newly Remodeled Big One Bedroom/795 Geary st,,2500,1,1.0,https://www.craigslist.org/view/d/san-francisco-newly-remodeled-big-one/i5jkkatiUsbn8Sg3r3etAg,37.7863207879509,-122.41637372683,San Francisco,2026-08-12T14:20:06.213655-07:00,False,,,,,,,,,
craigslist,Large Remodeled One Bedroom/766 Sutter,,3000,1,1.0,https://www.craigslist.org/view/d/san-francisco-large-remodeled-one/oKDqicRgAYVWyecakGjjPe,37.7886670501218,-122.41300588091,San Francisco,2026-08-12T14:20:06.212875-07:00,False,,,,,,,,,
craigslist,Income Qualified Apartments with Stunning Bay and City Views,,3843,2,1.0,https://www.craigslist.org/view/d/san-francisco-income-qualified/q9C4ydTSDSES8GxCJTb3Wg,37.7823352935282,-122.389025878312,San Francisco,2026-08-12T14:20:06.211770-07:00,False,,,,,,,,,
craigslist,Large bright unit in Cow Hollow with parking available,,4395,1,1.0,https://www.craigslist.org/view/d/san-francisco-large-bright-unit-in-cow/1XvDsbyzc52qkJy1md2HYg,37.7989327349366,-122.427138457884,San Francisco,2026-08-12T14:00:06.052318-07:00,False,,,,,,,,,
craigslist,"Sky Terrace, Social and relaxing spaces, Dishwasher",,3661,1,1.0,https://www.craigslist.org/view/d/san-francisco-sky-terrace-social-and/eZn2FQGNazzhj7xnL3P1gg,37.7816185233265,-122.412125817737,San Francisco,2026-08-12T13:40:06.194212-07:00,False,,,,,,,,,
craigslist,TMLP 12-mo. | Experience Convenience: Laundry on Every Floor,,3338,1,1.0,https://www.craigslist.org/view/d/san-francisco-tmlp-12-mo-experience/kLs5V3Vtwx6oq19EZLZbCJ,37.7775814627022,-122.41300588091,San Francisco,2026-08-12T13:20:05.881867-07:00,False,,,,,,,,,
craigslist,"TMLP 12-mo. | Gated, Computer Nooks, Two-Tone Designer Paint",,4528,1,1.0,https://www.craigslist.org/view/d/san-francisco-tmlp-12-mo-gated-computer/wtGw5jHFrX33pbTuMUuU4h,37.7103654919279,-122.390889710019,San Francisco,2026-08-12T13:20:05.881159-07:00,False,,,,,,,,,
craigslist,"Gated, Stainless Steel Appliances, EV Charging",,4597,1,1.0,https://www.craigslist.org/view/d/san-francisco-gated-stainless-steel/mevFynT3Ers8wcgmppjSsr,37.7752730157458,-122.415909631016,San Francisco,2026-08-12T13:20:05.879612-07:00,False,,,,,,,,,
craigslist,TMLP 15-mo. | Upgrade Your Life-Rare 1 BR Bliss w/ Amazing Outdoor Spaces,Inner Richmond,3995,1,1.0,https://www.craigslist.org/view/d/san-francisco-tmlp-15-mo-upgrade-your/rMTvLkyecMKYGDNkVNat7g,37.7831689471201,-122.432684689341,San Francisco,2026-08-12T13:20:05.878738-07:00,True,,,,,12.0,7.0,,82.0,"31, 38R, 5, 5R"
craigslist,"FURNISHED  FULLY,   WALK TO WATERFRNT, w/dryer/gym/pool/24hr staff/pkg",,3550,1,1.0,https://www.craigslist.org/view/d/san-francisco-furnished-fully-walk-to/s88mS3JfdTwgmFuTdhMBfe,37.7880797683819,-122.390610679573,San Francisco,2026-08-12T12:20:06.365029-07:00,False,,,,,,,,,
craigslist,TMLP 12-mo. | Luxury high-rise with top tier amenities and handcrafted apartment,,3338,1,1.0,https://www.craigslist.org/view/d/san-francisco-tmlp-12-mo-luxury-high/rEidxopVyLhFCQhDmchmKf,37.7775814627022,-122.41300588091,San Francisco,2026-08-12T12:00:06.174742-07:00,False,,,,,,,,,
craigslist,TMLP 12-mo. | Work and Play at Home: Tech Lounge & Fitness Center,,3808,1,1.0,https://www.craigslist.org/view/d/san-francisco-tmlp-12-mo-work-and-play/amKzyGTWLtpQ4MgqTjV7cV,37.7791152707197,-122.41424289679,San Francisco,2026-08-12T12:00:06.174033-07:00,False,,,,,,,,,
craigslist,TMLP 15-mo. | Center Stage Living: Close to Performing Arts and Financial Distri,,3267,1,1.0,https://www.craigslist.org/view/d/san-francisco-tmlp-15-mo-center-stage/h7Nikce584SyoFm8KQRo2U,37.7916997157313,-122.418600813779,San Francisco,2026-08-12T12:00:06.173302-07:00,False,,,,,,,,,
craigslist,"Sunny solarium, Grilling stations with dining areas, Sky Terrace",,3701,1,1.0,https://www.craigslist.org/view/d/san-francisco-sunny-solarium-grilling/f7hGMgcg5Eq936PEUD9fxt,37.7816185233265,-122.412125817737,San Francisco,2026-08-12T12:00:06.172564-07:00,False,,,,,,,,,
craigslist,HURRY 1 BD will not last long!,,2100,1,1.0,https://www.craigslist.org/view/d/san-francisco-hurry-bd-will-not-last/bUv2Lpi7qmZAo4j2nbrh47,37.7869733868795,-122.418778430696,San Francisco,2026-08-12T12:00:06.171649-07:00,False,,,,,,,,,
craigslist,Modern 1 Bed & 1 Bath with loft –In SOMA,,3958,1,1.0,https://www.craigslist.org/view/d/san-francisco-modern-bed-bath-with-loft/emK6nYRpQ46mC5rP1vh8o5,37.7801803992608,-122.409707935842,San Francisco,2026-08-12T11:20:06.304557-07:00,False,,,,,,,,,
craigslist,High ceiling sunlit one bedroom Patio Liberty Hill historic Victorian,Mission,4000,1,1.0,https://www.craigslist.org/view/d/san-francisco-high-ceiling-sunlit-one/mu8fQejwsRxnumGbeDNRyq,37.7567120479735,-122.422746163427,San Francisco,2026-08-12T11:00:06.810430-07:00,True,,,,,21.0,9.0,,70.0,"49, Yellow-N"
craigslist,"4th Floor 2-1BR, Shared laundry (797 Bush Street #405)",,4100,1,1.0,https://www.craigslist.org/view/d/san-francisco-4th-floor-1br-shared/6dq9QTM5Ly1UzAS43eB2XS,37.7928983434387,-122.407906556534,San Francisco,2026-08-12T11:00:06.809645-07:00,False,,,,,,,,,
craigslist,4th Floor 2-1BR/1BA (660 Bush Street #406),,3975,1,1.0,https://www.craigslist.org/view/d/san-francisco-4th-floor-1br-1ba-660/vSvvPgp2PoJet16v3mqcRM,37.7902277871557,-122.408250331211,San Francisco,2026-08-12T11:00:06.808759-07:00,False,,,,,,,,,
craigslist,Newly renovated one bedroom apartment,Haight/Cole Valley,4500,1,1.0,https://www.craigslist.org/view/d/san-francisco-newly-renovated-one/xugEkuzrW6MnuNLEQ4YmE5,37.7686988980048,-122.449896341505,San Francisco,2026-08-12T10:40:06.060649-07:00,False,,,,,26.0,7.0,,76.0,"43, 49, 5, 5R, 6, 7, N"
craigslist,TMLP 12-mo. | Luxury apartments in SOMA,,4111,1,1.0,https://www.craigslist.org/view/d/san-francisco-tmlp-12-mo-luxury/tXgaqYHg2Wr97T18wWH3gV,37.778401365307,-122.414338580742,San Francisco,2026-08-12T10:40:06.059843-07:00,False,,,,,,,,,
craigslist,TMLP 12-mo. | Elevate Your Lifestyle with Top Amenities,,3348,1,1.0,https://www.craigslist.org/view/d/san-francisco-tmlp-12-mo-elevate-your/4TJS3WPcQGV9FMVPBUfrzD,37.7775814627022,-122.41300588091,San Francisco,2026-08-12T10:40:06.059127-07:00,False,,,,,,,,,
craigslist,"TMLP 12-mo. | Hardwood Floors, Coffee Bar, In Select Apartment Homes, 10 Ft Ceil",,4528,1,1.0,https://www.craigslist.org/view/d/san-francisco-tmlp-12-mo-hardwood/wk4JahEAeuDm3V3w8wxqm2,37.7103654919279,-122.390889710019,San Francisco,2026-08-12T10:40:06.058270-07:00,False,,,,,,,,,
craigslist,1 BR *Front Apt*Deck*CARPET*Firepl-Dishwr-Laundry*Garage Available,,2695,1,1.0,https://www.craigslist.org/view/d/san-francisco-br-front/f7ugghQjAMzyD6CufojR1w,37.7540139897164,-122.443011680639,San Francisco,2026-08-12T10:20:06.189698-07:00,False,,,,,,,,,
craigslist,1 BR VIEWS Top*Front*Deck*CARPET*Firepl-Dishwr-Laundry*Gar. Available,,2795,1,1.0,https://www.craigslist.org/view/d/san-francisco-br-views/2G4ukAU57RChgaZxj7nudU,37.7540139897164,-122.443011680639,San Francisco,2026-08-12T10:20:06.189006-07:00,False,,,,,,,,,
craigslist,UPDATED BRIGHT 600sf 1BR/1BA Flat USF GG Park AVAILABLE NOW,"NOPA/USF zone,Panhandle",2395,1,1.0,https://www.craigslist.org/view/d/san-francisco-updated-bright-600sf-1br/aXHAJU57dddXxN1ac3xNKb,37.7749624726208,-122.453079695015,San Francisco,2026-08-12T10:20:06.188278-07:00,True,,,,,17.0,4.0,,76.0,"31, 5, 5R"
craigslist,"Brand new 1 bedroom - Mission - Quiet, Sunlight, laundry",Mission,2985,1,1.0,https://www.craigslist.org/view/d/san-francisco-brand-new-bedroom-mission/nMj5LoF2UN46JEHbvAR5jJ,37.7691601290299,-122.42003492714,San Francisco,2026-08-12T10:00:06.128266-07:00,True,,,,,10.0,3.0,,64.0,49
craigslist,TMLP 12-mo. | SOMA one-bedroom apartment near Hayes Valley,,4111,1,1.0,https://www.craigslist.org/view/d/san-francisco-tmlp-12-mo-soma-one/qDZEZHSrbYjoEisZPYbVs9,37.778401365307,-122.414338580742,San Francisco,2026-08-12T09:40:06.279260-07:00,False,,,,,,,,,
craigslist,TMLP 12-mo. | Modern Amenities. City Location. Sophisticated Style.,,3348,1,1.0,https://www.craigslist.org/view/d/san-francisco-tmlp-12-mo-modern/bhHRi7TLJN3vEiqbCU2tjq,37.7775814627022,-122.41300588091,San Francisco,2026-08-12T09:40:06.278396-07:00,False,,,,,,,,,
craigslist,TMLP 12-mo. | Luxury high-rise with top tier amenities and handcrafted apartment,,3658,1,1.0,https://www.craigslist.org/view/d/san-francisco-tmlp-12-mo-luxury-high/kb3usL5jrLdb7pBkbum4Tx,37.7791152707197,-122.41424289679,San Francisco,2026-08-12T09:20:05.845564-07:00,False,,,,,,,,,
craigslist,"TMLP 15-mo. | Live In The Center Of It All! Trinity Towers, Downtown San Francis",,3267,1,1.0,https://www.craigslist.org/view/d/san-francisco-tmlp-15-mo-live-in-the/kvvFnPqmrvtxDpSpRnqSmA,37.7916997157313,-122.418600813779,San Francisco,2026-08-12T09:20:05.844705-07:00,False,,,,,,,,,
craigslist,1BR at 1755 Van Ness | Hardwood Floors & In-Unit W/D! Unit #203,,4580,1,1.0,https://www.craigslist.org/view/d/san-francisco-1br-at-1755-van-ness/pEm3xwi58FxdxSrydULWHq,37.801303061335,-122.424542959072,San Francisco,2026-08-12T09:00:06.297637-07:00,False,,,,,,,,,
craigslist,Timeless 1BR Living Near Japantown & Polk St! Unit #206,Inner Richmond,4245,1,1.0,https://www.craigslist.org/view/d/san-francisco-timeless-1br-living-near/ma5chh1uWMVUYhmwq81scx,37.7876322883439,-122.425143991799,San Francisco,2026-08-12T08:20:06.266561-07:00,False,,,,,10.0,7.0,,70.0,"101, 49"
craigslist,Spacious 1BR – Hardwood Floors & Pet Friendly! Unit #4,Way Out There,3845,1,1.0,https://www.craigslist.org/view/d/san-francisco-spacious-1br-hardwood/4ky1YcbCWfzRwNmH81wRGh,37.7536381294028,-122.466657648843,San Francisco,2026-08-12T08:20:06.264909-07:00,False,,,,,,,,,
craigslist,Marina Bright View top Flr(4th) Skylight park avail w/w cpts,,3000,1,1.0,https://www.craigslist.org/view/d/san-francisco-marina-bright-view-top/6gRvk5woanL4i9y97nE3oZ,37.8005278494382,-122.430652980999,San Francisco,2026-08-12T08:00:06.029557-07:00,False,,,,,,,,,
craigslist,"Sunny, 1-bedroom apartment on quiet street Castro/Mission",Mission,3250,1,1.0,https://www.craigslist.org/view/d/san-francisco-sunny-bedroom-apartment/m7RBP41huo362NAJFeJnH2,37.7665818189519,-122.425225924764,San Francisco,2026-08-12T07:40:06.204812-07:00,True,,,,,17.0,11.0,,82.0,"22, 49, 5, K, Yellow-N"
craigslist,"Top floor, updated One bedroom with Parking",Glen Park/Excelsior,3150,1,1.0,https://www.craigslist.org/view/d/san-francisco-top-floor-updated-one/bSCUH5onvrJwi1mzw43qBZ,37.7287287892608,-122.431291255983,San Francisco,2026-08-12T07:40:06.204054-07:00,False,,,,,,,,,
craigslist,"Newer in SOMA- in unit laundry, roof deck, PKG avail!",,3895,1,1.0,https://www.craigslist.org/view/d/san-francisco-newer-in-soma-in-unit/89XfXkoUL7VSMPzzRyEB9i,37.7710394305978,-122.408218818532,San Francisco,2026-08-12T07:40:06.203306-07:00,False,,,,,,,,,
craigslist,San Francisco in-law 1B1B unit for lease,,1600,1,1.0,https://www.craigslist.org/view/d/san-francisco-san-francisco-in-law-1b1b/m6ges2qHkAvfvCpHhswohF,37.7309008722621,-122.388597878839,San Francisco,2026-08-11T22:00:06.897447-07:00,False,,,,,,,,,
craigslist,"Roof View Fire Pits, Grills, Stainless Steel Appliances, Pets Welcome",,4436,1,1.0,https://www.craigslist.org/view/d/san-francisco-roof-view-fire-pits/sYfd37RLQDiAvwp2FGZTKW,37.7752730157458,-122.415909631016,San Francisco,2026-08-11T21:40:06.250471-07:00,False,,,,,,,,,
craigslist,Super Convenient 1 Bedroom 1 Bathroom In-Law for Rent,,1950,1,1.0,https://www.craigslist.org/view/d/san-francisco-super-convenient-bedroom/e27e9u9mBW9mhs8m4XkTGg,37.7210992832613,-122.475400984796,San Francisco,2026-08-11T20:40:06.776607-07:00,False,,,,,,,,,
craigslist,Downtown/324 Larkin/Remodeled/Hastings Law/Available Now!!,,3595,1,1.0,https://www.craigslist.org/view/d/san-francisco-downtown-324-larkin/vBHGpNDe9HCq3cu6LRuA2i,37.7807098122635,-122.417002261531,San Francisco,2026-08-11T18:20:06.236396-07:00,False,,,,,,,,,
craigslist,"SoMa Life, Roof View Fire Pits, Grills, EV Charging, Pets Welcome",,4391,1,1.0,https://www.craigslist.org/view/d/san-francisco-soma-life-roof-view-fire/osKGBrVg6GnMha2JWdbyDf,37.7752730157458,-122.415909631016,San Francisco,2026-08-11T17:40:05.902806-07:00,False,,,,,,,,,
craigslist,"TMLP 12-mo. | Chefs Island, Refrigerator with Ice Maker",,4528,1,1.0,https://www.craigslist.org/view/d/san-francisco-tmlp-12-mo-chefs-island/fD74WcLoD7CQA1FbAM5EGm,37.7103654919279,-122.390889710019,San Francisco,2026-08-11T17:40:05.901135-07:00,False,,,,,,,,,
craigslist,TMLP 12-mo. | Art and Comfort Combine: Spacious Bathrooms & Closets,,3572,1,1.0,https://www.craigslist.org/view/d/san-francisco-tmlp-12-mo-art-and/5hgUweqvzJZcttFGc2zsgo,37.7775545336859,-122.413027080349,San Francisco,2026-08-11T17:20:06.727997-07:00,False,,,,,,,,,
craigslist,"Stainless Steel Appliances, Gated, Expansive Windows w/ City Views",,4597,1,1.0,https://www.craigslist.org/view/d/san-francisco-stainless-steel/c8zDtNafZJZQrLK3bnNhyv,37.7752730157458,-122.415909631016,San Francisco,2026-08-11T16:00:06.765025-07:00,False,,,,,,,,,
craigslist,"Only $1,795 for a Newly Renovated 1 BD!",,2100,1,1.0,https://www.craigslist.org/view/d/san-francisco-only-1795-for-newly/waQnoWkk8B79f36S6wJxz9,37.7869733868795,-122.418778430696,San Francisco,2026-08-11T16:00:06.763373-07:00,False,,,,,,,,,
craigslist,Room for rent,Way Out There,1600,1,1.0,https://www.craigslist.org/view/d/san-francisco-room-for-rent/fXe5ifMRfoX4ZSSMGP782P,37.7614865052801,-122.478651947326,San Francisco,2026-08-11T15:40:06.330353-07:00,False,,,,,,,,,
craigslist,Rooms for rent,Way Out There,1000,1,1.0,https://www.craigslist.org/view/d/san-francisco-rooms-for-rent/sHddbmFGxXM6y2TPNQe7Gt,37.7614865052801,-122.478651947326,San Francisco,2026-08-11T15:40:06.329468-07:00,False,,,,,,,,,
craigslist,"Quiet, Remodeled Garden Apartment - Fantastic Location",,3295,1,1.0,https://www.craigslist.org/view/d/san-francisco-quiet-remodeled-garden/hbZ3YsU3iCSyxeCmx237DU,37.7903269088542,-122.407467670863,San Francisco,2026-08-11T15:20:06.411994-07:00,False,,,,,,,,,
craigslist,"15-mo. | Exceptional Layouts, Spa-Inspired Baths & Pets Welcome!",Inner Richmond,4365,1,1.0,https://www.craigslist.org/view/d/san-francisco-15-mo-exceptional-layouts/uTA1fr81kxp8LGLNu5yqDC,37.7831689471201,-122.432684689341,San Francisco,2026-08-11T15:00:06.767638-07:00,False,,,,,12.0,7.0,,82.0,"31, 38R, 5, 5R"
craigslist,"Sky Terrace, Dishwasher, Sunny solarium, The Pet Pad",,3842,1,1.0,https://www.craigslist.org/view/d/san-francisco-sky-terrace-dishwasher/oXd2YqbTfUizDkhA6xZs7G,37.7816185233265,-122.412125817737,San Francisco,2026-08-11T15:00:06.760492-07:00,False,,,,,,,,,
craigslist,"TMLP 12-mo. | Large Closets, Covered Parking, Market Courtyard",,3808,1,1.0,https://www.craigslist.org/view/d/san-francisco-tmlp-12-mo-large-closets/1XeQYQ7SWh9LFV5eXqZCuE,37.7791152707197,-122.41424289679,San Francisco,2026-08-11T14:40:06.796584-07:00,False,,,,,,,,,
craigslist,TMLP 15-mo. | Iconic Living Designed to Meet Your Needs.,,3267,1,1.0,https://www.craigslist.org/view/d/san-francisco-tmlp-15-mo-iconic-living/oHLKFhpX8PKUE532MJd31F,37.7916997157313,-122.418600813779,San Francisco,2026-08-11T14:40:06.795832-07:00,False,,,,,,,,,
craigslist,"TMLP 12-mo. | Laundry Facilities, Garage, Microwave, Elevator",,4111,1,1.0,https://www.craigslist.org/view/d/san-francisco-tmlp-12-mo-laundry/2sbxBxcNm9h4bEiZZYxHRL,37.778401365307,-122.414338580742,San Francisco,2026-08-11T14:40:06.795119-07:00,False,,,,,,,,,
craigslist,TMLP 12-mo. | Luxury high-rise with top tear amenities and handcrafted apartment,,3572,1,1.0,https://www.craigslist.org/view/d/san-francisco-tmlp-12-mo-luxury-high/sXHi4QFHkjDqqFSxnomone,37.7775545336859,-122.413027080349,San Francisco,2026-08-11T14:40:06.794266-07:00,False,,,,,,,,,
craigslist,Top Floor One Bedroom w/ Parking Included - Available Now!,Way Out There,4295,1,1.0,https://www.craigslist.org/view/d/san-francisco-top-floor-one-bedroom/qJyTbJrpXAXaptB2gMTPqh,37.7829093972389,-122.483856122979,San Francisco,2026-08-11T14:20:07.075273-07:00,False,,,,,,,,,
craigslist,"TMLP 15-mo. | Exceptional Layouts, Spa-Inspired Baths & Pets Welcome!",Inner Richmond,4365,1,1.0,https://www.craigslist.org/view/d/san-francisco-tmlp-15-mo-exceptional/uTA1fr81kxp8LGLNu5yqDC,37.7831689471201,-122.432684689341,San Francisco,2026-08-11T13:40:06.779724-07:00,False,,,,,12.0,7.0,,82.0,"31, 38R, 5, 5R"
craigslist,"Pine/Powell Sts 1bd apt, hwd flr, remod kit & bath, laund,nr fin dist",,3800,1,1.0,https://www.craigslist.org/view/d/san-francisco-pine-powell-sts-1bd-apt/gCedDFQo8ppio54McZfTf3,37.7909107528475,-122.408328253471,San Francisco,2026-08-11T13:40:06.778261-07:00,False,,,,,,,,,
craigslist,"TMLP 12-mo. | Hardwood Floors, Coffee Bar, In Select Apartment Homes, 10 Ft Ceil",,4528,1,1.0,https://www.craigslist.org/view/d/san-francisco-tmlp-12-mo-hardwood/14tAJFB3NmYiLVaZk5LH7z,37.7103654919279,-122.390889710019,San Francisco,2026-08-11T13:20:06.764637-07:00,False,,,,,,,,,
craigslist,"TMLP 12-mo. | Black Granite Counters, Wood-style & Tile Flooring, Walk-in Closet",,3572,1,1.0,https://www.craigslist.org/view/d/san-francisco-tmlp-12-mo-black-granite/hqxa57mVavTRNEW2YkxAPM,37.7775545336859,-122.413027080349,San Francisco,2026-08-11T13:20:06.763712-07:00,False,,,,,,,,,
craigslist,Stunning Bay views in Mission Bay close to UCSF Medical,Potrero Hill,3150,1,1.0,https://www.craigslist.org/view/d/san-francisco-stunning-bay-views-in/3rynDub8A6vsmSG1iF8Qqp,37.7693990524304,-122.386707118115,San Francisco,2026-08-11T12:20:06.206576-07:00,False,,,,,,,,,
craigslist,$4350 3BR 2Bath newly renovated (In-law unit) near SFSU for rent,,4350,3,2.0,https://www.craigslist.org/view/d/san-francisco-br-2bath-newly-renovated/3Xo9ut3fCAUnT3Fe6Ud3ca,37.7325091647929,-122.480113562661,San Francisco,2026-08-11T12:20:06.205797-07:00,False,,,,,,,,,
craigslist,Extra Clean Inlaw Room Walk to SFSU-CCSF,,1000,2,1.0,https://www.craigslist.org/view/d/san-francisco-extra-clean-inlaw-room/tDxk1pNXrHQYAHjabxiC6G,37.721642447251,-122.469881682356,San Francisco,2026-08-11T12:20:06.204898-07:00,False,,,,,,,,,
craigslist,"Stainless Steel Appliances, Now Showing, Washer and Dryer",,4436,1,1.0,https://www.craigslist.org/view/d/san-francisco-stainless-steel/h3Grvcfg7UZsgiNtswKjbs,37.7752730157458,-122.415909631016,San Francisco,2026-08-11T12:00:06.314547-07:00,False,,,,,,,,,
craigslist,"Rare High-Rise 1 BR/1 BA-Washer Service, Concierge & More",,4596,1,1.0,https://www.craigslist.org/view/d/san-francisco-rare-high-rise-br-ba/h8zfeWhL1VddheyRm4GuxT,37.791457354584,-122.392345595777,San Francisco,2026-08-11T12:00:06.313846-07:00,False,,,,,,,,,
craigslist,"1 BD $1,795-New Plank Floor in Great Location!",,2100,1,1.0,https://www.craigslist.org/view/d/san-francisco-bd-1795-new-plank-floor/cCfoUX99zbjwTUfpmkqFh1,37.7869733868795,-122.418778430696,San Francisco,2026-08-11T12:00:06.313134-07:00,False,,,,,,,,,
craigslist,TMLP 12-mo. | Spacious Living: Fitness Center and Laundry Onsite,,3572,1,1.0,https://www.craigslist.org/view/d/san-francisco-tmlp-12-mo-spacious/3by9keXNWLEjz1ThSabu96,37.7775545336859,-122.413027080349,San Francisco,2026-08-11T12:00:06.312414-07:00,False,,,,,,,,,
craigslist,"TMLP 15-mo. | Cultured Neighborhood, City Views, Heated Pool. Live With Us!",,3267,1,1.0,https://www.craigslist.org/view/d/san-francisco-tmlp-15-mo-cultured/9qE1DzBytP1sdce4ZcFZU9,37.7916997157313,-122.418600813779,San Francisco,2026-08-11T12:00:06.311650-07:00,False,,,,,,,,,
craigslist,TMLP 12-mo. | Urban Living at Its Best: On-Site Fitness Center,,4111,1,1.0,https://www.craigslist.org/view/d/san-francisco-tmlp-12-mo-urban-living/huHQgHx5goPs1KQKTNiDJz,37.778401365307,-122.414338580742,San Francisco,2026-08-11T12:00:06.310945-07:00,False,,,,,,,,,
craigslist,"Post Street Apartments--Nice, affordable 1 bedroom apartment!",,2100,1,1.0,https://www.craigslist.org/view/d/san-francisco-post-street-apartments/caJPStWwurV7LkSNNJ5QEC,37.7869733868795,-122.418778430696,San Francisco,2026-08-11T12:00:06.310223-07:00,False,,,,,,,,,
craigslist,TWO Extra Clean Inlaw Rooms Close to SFSU-CCSF,,800,2,1.0,https://www.craigslist.org/view/d/san-francisco-two-extra-clean-inlaw/bkSXNwFSsCtom9vg9vdzGo,37.7185822796674,-122.471275688672,San Francisco,2026-08-11T12:00:06.309359-07:00,False,,,,,,,,,
craigslist,Marvelous Jr 1bed/1bath in Russian Hill available to rent now!!!,,3995,1,1.0,https://www.craigslist.org/view/d/san-francisco-marvelous-jr-1bed-1bath/aUAjJKvyveT7eBQabxRg5R,37.7976556120114,-122.413683117024,San Francisco,2026-08-11T11:40:06.860492-07:00,False,,,,,,,,,
craigslist,1BR three blocks from SF Ballet and Opera House,,3750,1,1.0,https://www.craigslist.org/view/d/san-francisco-1br-three-blocks-from-sf/koxMbP2opG7jNEakeaJ6tT,37.7823266991613,-122.42077289678,San Francisco,2026-08-11T11:20:06.440817-07:00,False,,,,,,,,,
craigslist,Bright 1 BR | Pool | Prime Lower Pacific Heights 1666 Gough Street 306,Inner Richmond,4195,1,1.0,https://www.craigslist.org/view/d/san-francisco-bright-br-pool-prime/2TrZRR3QX8JeRkWDBcbVf2,37.7886865306869,-122.425362288719,San Francisco,2026-08-11T11:20:06.434890-07:00,False,,,,,12.0,8.0,,76.0,"101, 38, 49"
craigslist,TMLP 12-mo. | Elevate Your Space: Hardwood Floors & Quartz Counters,,3658,1,1.0,https://www.craigslist.org/view/d/san-francisco-tmlp-12-mo-elevate-your/jB878pXFDVKjU2uaufaDzd,37.7791152707197,-122.41424289679,San Francisco,2026-08-11T10:40:06.102348-07:00,False,,,,,,,,,
craigslist,Cole Valley 1br Cottage - Furnished (5 months),"Haight/Cole Valley,Panhandle",4275,1,1.0,https://www.craigslist.org/view/d/san-francisco-cole-valley-1br-cottage/nbfK5HZQrcZyKDRA1w4ZZc,37.7711987128648,-122.441309995988,San Francisco,2026-08-11T10:00:06.435112-07:00,False,,,,,21.0,4.0,,82.0,"24, 49, 5, 5R, 6, 7"
craigslist,Remodeled Junior One Bedroom with Shared Yard ~ J.Wavro,Way Out There,2800,1,1.0,https://www.craigslist.org/view/d/san-francisco-remodeled-junior-one/vjdAS2k1Mp9pPLrsAu93Mo,37.763419091923,-122.480328421834,San Francisco,2026-08-11T10:00:06.434204-07:00,False,,,,,,,,,
craigslist,TMLP 12-mo. | May we have your attention please! Now Leasing!,,3572,1,1.0,https://www.craigslist.org/view/d/san-francisco-tmlp-12-mo-may-we-have/iAnZMqq36XsiDTipvmUfAY,37.7775545336859,-122.413027080349,San Francisco,2026-08-11T09:40:06.734327-07:00,False,,,,,,,,,
craigslist,TMLP 15-mo. | Proper Design. Smartly Priced. Ready for Move-In!,,3267,1,1.0,https://www.craigslist.org/view/d/san-francisco-tmlp-15-mo-proper-design/5er5mEtD7ejFothpN18g8o,37.7916997157313,-122.418600813779,San Francisco,2026-08-11T09:40:06.733635-07:00,False,,,,,,,,,
craigslist,TMLP 12-mo. | Luxury high-rise with top tier amenities and handcrafted apartment,,3808,1,1.0,https://www.craigslist.org/view/d/san-francisco-tmlp-12-mo-luxury-high/dKV5x9HGiALax9bcnwZrqc,37.7791152707197,-122.41424289679,San Francisco,2026-08-11T09:40:06.732929-07:00,False,,,,,,,,,
craigslist,Spacious Studio three blocks from SF Ballet and Opera House,,3750,1,1.0,https://www.craigslist.org/view/d/san-francisco-spacious-studio-three/koxMbP2opG7jNEakeaJ6tT,37.7823266991613,-122.42077289678,San Francisco,2026-08-11T09:40:06.732204-07:00,False,,,,,,,,,
craigslist,"1 BD Only $1,795 in Prime Location",,2100,1,1.0,https://www.craigslist.org/view/d/san-francisco-bd-only-1795-in-prime/kGudEdDjnNXGSrTei7xHT1,37.7869733868795,-122.418778430696,San Francisco,2026-08-11T09:20:06.742792-07:00,False,,,,,,,,,
craigslist,"Lounge, Stainless steel appliances, Exposed concrete ceilings",,3634,1,1.0,https://www.craigslist.org/view/d/san-francisco-lounge-stainless-steel/cxzD3QSxDQyTtsDQKeqx3t,37.7816185233265,-122.412125817737,San Francisco,2026-08-11T09:20:06.741944-07:00,False,,,,,,,,,
craigslist,"Great Location, Roof View Fire Pits, Grills, EV Charging",,4391,1,1.0,https://www.craigslist.org/view/d/san-francisco-great-location-roof-view/gXB6ELoPxz1C1JrHc3Yq5R,37.7752730157458,-122.415909631016,San Francisco,2026-08-11T08:20:06.272999-07:00,False,,,,,,,,,
craigslist,"Post Street Apartments--Nice, affordable 1 bedroom apartment!",,2100,1,1.0,https://www.craigslist.org/view/d/san-francisco-post-street-apartments/6m1APP62qDErdiUhR8fBzj,37.7869733868795,-122.418778430696,San Francisco,2026-08-11T06:40:06.989424-07:00,False,,,,,,,,,
craigslist,2600 McAllister:  Top Corner 2BD 1 Block From USF & Golden Gate Park,NOPA/USF zone,3200,2,1.0,https://www.craigslist.org/view/d/san-francisco-2600-mcallister-top/pmNMMUGbPs83bGvvkSC1Kb,37.7758877994599,-122.45511827885,San Francisco,2026-08-10T22:40:05.876933-07:00,True,,,,,20.0,5.0,,76.0,"31, 5, 5R"
craigslist,"Now Touring, Bike Stor, Great MidMar SOMA location, 360 Rooftop Views!",,4597,1,1.0,https://www.craigslist.org/view/d/san-francisco-now-touring-bike-stor/6TBigUSNsn2Jfqfy3Tgo9Y,37.7752730157458,-122.415909631016,San Francisco,2026-08-10T22:20:06.275828-07:00,False,,,,,,,,,
craigslist,1 bedroom w/ Washer/Dryer**Excellent City View! Open Tues/Wed 5-5:30*,Inner Richmond,3800,1,1.0,https://www.craigslist.org/view/d/san-francisco-bedroom-washer/8P5zpnedMfVefQ96P8ksac,37.7831173809185,-122.444528299923,San Francisco,2026-08-10T19:00:06.230116-07:00,True,,,,,22.0,14.0,,82.0,"24, 31, 38, 38R, 5"
craigslist,755 O'Farrell #44 - Amazing 1x1 - WD in Unit - Updated Appliances,,2980,1,1.0,https://www.craigslist.org/view/d/san-francisco-755-ofarrell-44-amazing/fKngES6jMQUmEQ4SLgz5KD,37.7916997157313,-122.418600813779,San Francisco,2026-08-10T19:00:06.221230-07:00,False,,,,,,,,,
craigslist,"TMLP 12-mo. | Hardwood Floors, Coffee Bar, In Select Apartment Homes, 10 Ft Ceil",,4528,1,1.0,https://www.craigslist.org/view/d/san-francisco-tmlp-12-mo-hardwood/xiQ6xcFCEDT81Cvyw85UU2,37.7103654919279,-122.390889710019,San Francisco,2026-08-10T18:20:06.431397-07:00,False,,,,,,,,,
craigslist,Remodeled 2nd Floor 1 Bedroom Unit OPEN on SUNDAY,Inner Richmond,3300,1,1.0,https://www.craigslist.org/view/d/san-francisco-remodeled-2nd-floor/6SDastdZA19V8BR8b4AyCU,37.7783228700891,-122.465155353505,San Francisco,2026-08-10T17:20:06.801865-07:00,True,,,,,26.0,8.0,,76.0,"31, 38, 38R, 5, 5R"
craigslist,"Washer and Dryer, Pet Park, Expansive Windows w/ City Views",,4436,1,1.0,https://www.craigslist.org/view/d/san-francisco-washer-and-dryer-pet-park/aybVuXNxKSBVPXmYrzRhHC,37.7752730157458,-122.415909631016,San Francisco,2026-08-10T17:20:06.801081-07:00,False,,,,,,,,,
craigslist,1 bedroom w/ Washer and Dryer**Excellent City View!,Inner Richmond,3800,1,1.0,https://www.craigslist.org/view/d/san-francisco-bedroom-washer-and/8P5zpnedMfVefQ96P8ksac,37.7831173809185,-122.444528299923,San Francisco,2026-08-10T17:00:06.880979-07:00,True,,,,,22.0,14.0,,82.0,"24, 31, 38, 38R, 5"
craigslist,1077 Ashbury #1081C - Awesome 1x1 - Updated Appliances - Great Area,Haight/Cole Valley,4475,1,1.0,https://www.craigslist.org/view/d/san-francisco-1077-ashbury-1081c/vnBEsMZV9Wk4dtr3oeYtbW,37.7631257375319,-122.446795493918,San Francisco,2026-08-10T16:20:06.283659-07:00,False,,,,,29.0,10.0,,71.0,"33, 37, 43, 49, 5R, 6, K, M, N"
craigslist,Beautiful Fully Remodeled 1-Bedroom with In-Unit Laundry,,4595,1,1.0,https://www.craigslist.org/view/d/san-francisco-beautiful-fully-remodeled/j4zjnRZc9cyNz1qJF2PADo,37.8059646459559,-122.419406392439,San Francisco,2026-08-10T16:20:06.282945-07:00,False,,,,,,,,,
craigslist,Beautiful Victorian 1 Bedroom with Modern Amenities,"Haight/Cole Valley,Panhandle",4000,1,1.0,https://www.craigslist.org/view/d/san-francisco-beautiful-victorian/cUn43jenVFYQG2XCqJ8R1h,37.7711987128648,-122.441309995988,San Francisco,2026-08-10T16:00:06.790451-07:00,True,,,,,21.0,4.0,,82.0,"24, 49, 5, 5R, 6, 7"
craigslist,1520 Gough #206 - Beautiful 1x1 - Private - Updated - Pets Welcomed,Inner Richmond,4245,1,1.0,https://www.craigslist.org/view/d/san-francisco-1520-gough-beautiful-1x1/68MS5ShJ1DX5rmPfMJq5Zw,37.7876322883439,-122.425143991799,San Francisco,2026-08-10T15:40:06.049771-07:00,False,,,,,10.0,7.0,,76.0,"101, 38, 49"
craigslist,Modern Living with Standing Loft and Office Space!!,,2895,1,1.0,https://www.craigslist.org/view/d/san-francisco-modern-living-with/1UfoxiZarbBSekFjAt17g9,37.781256414,-122.410335897585,San Francisco,2026-08-10T15:20:06.521793-07:00,False,,,,,,,,,
craigslist,Don't miss the chance to live in a brand-new unit! Laundry In-Unit!!,,4395,1,1.0,https://www.craigslist.org/view/d/san-francisco-dont-miss-the-chance-to/ghAzcewaFSPctEcVGoz3ik,37.7875331666453,-122.411630782202,San Francisco,2026-08-10T15:00:06.874365-07:00,False,,,,,,,,,
craigslist,TMLP 12-mo. | Luxury high-rise with top tear amenities and handcrafted apartment,,3555,1,1.0,https://www.craigslist.org/view/d/san-francisco-tmlp-12-mo-luxury-high/pA7aodF34TGvUyr8471rrK,37.7775545336859,-122.413027080349,San Francisco,2026-08-10T14:40:06.269825-07:00,False,,,,,,,,,
craigslist,"1578 Fell St #4 - Beautiful, Spacious, Convenient 1BR1BA w/Shared Yard","Haight/Cole Valley,Panhandle",4495,1,1.0,https://www.craigslist.org/view/d/san-francisco-1578-fell-st-beautiful/qLg1kZTNLKMu3xmYTUre4e,37.7711987128648,-122.441309995988,San Francisco,2026-08-10T14:20:06.825013-07:00,False,,,,,21.0,4.0,,82.0,"24, 49, 5, 5R, 6, 7"
craigslist,"380  26th Ave, Apt #4, San Francisco ,CA 94121",Way Out There,3700,1,1.0,https://www.craigslist.org/view/d/san-francisco-th-ave-apt-san-francisco/syUK41qeNoCZ1HuMig9hx6,37.7823152400054,-122.485973774989,San Francisco,2026-08-10T14:00:06.152799-07:00,False,,,,,,,,,
craigslist,TMLP 12-mo. | Walk to the Arts District - Your Dream Apartment Awaits,,3555,1,1.0,https://www.craigslist.org/view/d/san-francisco-tmlp-12-mo-walk-to-the/8nY4D82sQqKYVAusmwxLc1,37.7775545336859,-122.413027080349,San Francisco,2026-08-10T13:20:06.167923-07:00,False,,,,,,,,,
craigslist,"Washer and Dryer, Pets Welcome, Stainless Steel Appliances, Pet Park",,4391,1,1.0,https://www.craigslist.org/view/d/san-francisco-washer-and-dryer-pets/7h5JNiissQM4qucTqKtA34,37.7752730157458,-122.415909631016,San Francisco,2026-08-10T13:20:06.167201-07:00,False,,,,,,,,,
craigslist,1BR//Updated Kitchen+Dishwasher/Large Closets/In-building Laundry,,3595,1,1.0,https://www.craigslist.org/view/d/san-francisco-1br-updated/txgAnuVkdiP4n43aQQWmwR,37.7807098122635,-122.417002261531,San Francisco,2026-08-10T12:20:05.963510-07:00,False,,,,,,,,,
craigslist,TMLP 12-mo. | Luxury high-rise with top tear amenities and handcrafted apartment,,3555,1,1.0,https://www.craigslist.org/view/d/san-francisco-tmlp-12-mo-luxury-high/fX6cgzXt1JaQRHvWhWf5XP,37.7775545336859,-122.413027080349,San Francisco,2026-08-10T12:00:05.946244-07:00,False,,,,,,,,,
craigslist,"3-Bed, 2.5-Bath Single Family Home for Short Term Rental in Bernal",Mission,2500,3,3.0,https://www.craigslist.org/view/d/san-francisco-bed-25-bath-single-family/1YmdXnU55Qp9MZ7ann5K5F,37.7508993911422,-122.415297712091,San Francisco,2026-08-10T12:00:05.944822-07:00,True,,,,,23.0,20.0,,73.0,"49, Yellow-N"
craigslist,"EV Charging, Now Showing, Roof View Fire Pits, Grills, Pets Welcome",,4597,1,1.0,https://www.craigslist.org/view/d/san-francisco-ev-charging-now-showing/iPcdeGA4RTfWjxoo71t22Z,37.7752730157458,-122.415909631016,San Francisco,2026-08-10T12:00:05.943251-07:00,False,,,,,,,,,
craigslist,2055 Sacramento #905 - Charming 1x1 - Great Area - Near Lafayette Park,Inner Richmond,4495,1,1.0,https://www.craigslist.org/view/d/san-francisco-2055-sacramento-charming/tyvTPA11PM99iXBMoNkckQ,37.7907606379051,-122.426715042073,San Francisco,2026-08-10T11:40:06.645184-07:00,False,,,,,13.0,8.0,,76.0,"101, 19, 49"
craigslist,*Basement Level* 2BR with In-Unit Laundry in Lower Nob Hill,,4495,2,1.0,https://www.craigslist.org/view/d/san-francisco-basement-level-2br-with/hZUS1RC3X8KGiKb8Cf2p3e,37.78801788894,-122.413423567143,San Francisco,2026-08-10T11:20:05.913727-07:00,False,,,,,,,,,
craigslist,1BR/Near Huntington Park/Stainless Steel Kitchen Appliances+Diswasher,,3595,1,1.0,https://www.craigslist.org/view/d/san-francisco-1br-near-huntington-park/ikPw8AkfoaLAurrnQj1MA9,37.7907193849439,-122.411893196872,San Francisco,2026-08-10T11:20:05.895535-07:00,False,,,,,,,,,
craigslist,Updated & Spacious 1BD in the Inner Richmond – Parking Available,Way Out There,4595,1,1.0,https://www.craigslist.org/view/d/san-francisco-updated-spacious-1bd-in/rrXBp7hqgszKcvoWqigpTb,37.7824584794541,-122.475236545909,San Francisco,2026-08-10T11:20:05.894650-07:00,False,,,,,,,,,
craigslist,Nob Hill/655Powell&Pine/W/D in unit/Coming Soon!!,,4495,1,1.0,https://www.craigslist.org/view/d/san-francisco-nob-hill-655powellpine-d/bjKNUYgopf1hiRUJ3zKHrW,37.7908356953763,-122.408929286198,San Francisco,2026-08-10T11:00:06.577068-07:00,False,,,,,,,,,
craigslist,Remodeled Top-Floor One-Bedroom Apartment – In-Unit W/D ~ J.Wavro,Mission,4495,1,1.0,https://www.craigslist.org/view/d/san-francisco-remodeled-top-floor-one/wr5yaUCZ1J7pMGtebKnwad,37.7490894174675,-122.4209911937,San Francisco,2026-08-10T10:40:06.812525-07:00,False,,,,,23.0,6.0,,69.0,"49, Yellow-N"
craigslist,Furnished Mission studio,Mission,3500,1,1.0,https://www.craigslist.org/view/d/san-francisco-furnished-mission-studio/5u7pcgNkoJK4Q8XQrnuD43,37.7508993911422,-122.415297712091,San Francisco,2026-08-10T10:40:06.810862-07:00,True,,,,,23.0,20.0,,73.0,"49, Yellow-N"
craigslist,Outer Richmond 2 Bedroom / 1 Bathroom Apartment,Way Out There,3800,2,1.0,https://www.craigslist.org/view/d/san-francisco-outer-richmond-bedroom/8PaKyek1KujExiNwkgvhhA,37.7785996087041,-122.489197235545,San Francisco,2026-08-10T10:20:06.242987-07:00,False,,,,,36.0,10.0,,58.0,"31, 38, 38R, 5R"
craigslist,TMLP 12-mo. | Downtown Apartment - With Parking available,,3555,1,1.0,https://www.craigslist.org/view/d/san-francisco-tmlp-12-mo-downtown/rFLAD8a4VKeXAUNMVEnACy,37.7775545336859,-122.413027080349,San Francisco,2026-08-10T09:20:06.348442-07:00,False,,,,,,,,,
craigslist,Large Updated Unit - Sunny Top Floor-,Way Out There,3450,1,1.0,https://www.craigslist.org/view/d/san-francisco-large-updated-unit-sunny/2FLLiuspX5B8BfmnDkGHuU,37.7802147767285,-122.505289328178,San Francisco,2026-08-10T08:20:06.249360-07:00,False,,,,,,,,,
craigslist,$980 / 1br - Room for Rent - close to Bart and SFSU $980 (ingleside /,,980,1,,https://www.craigslist.org/view/d/san-francisco-980-1br-room-for-rent/oUBJQM6nGwMYu3f2wfGqTW,37.7210992832613,-122.475400984796,San Francisco,2026-08-10T08:00:06.804883-07:00,False,,,,,,,,,
craigslist,2 bed Furnished - BART Station + Union Sq,,3390,2,1.0,https://www.craigslist.org/view/d/san-francisco-bed-furnished-bart/6pTMGuYN7yTFyzty5ioZUc,37.7928983434387,-122.407906556534,San Francisco,2026-08-10T08:00:06.647465-07:00,False,,,,,,,,,
craigslist,"Post Street Apartments--Nice, affordable 1 bedroom apartment!",,2100,1,1.0,https://www.craigslist.org/view/d/san-francisco-post-street-apartments/gbc9pr4AvQB2nmB1YpBuKX,37.7869733868795,-122.418778430696,San Francisco,2026-08-10T07:00:06.744828-07:00,False,,,,,,,,,
craigslist,Modern 1BR Apartment with In-Unit Laundry in Nob Hill,,3795,1,1.0,https://www.craigslist.org/view/d/san-francisco-modern-1br-apartment-with/aBogUZzwyeGrbhxw58xd8J,37.7871882460527,-122.417097945483,San Francisco,2026-08-10T04:40:06.620749-07:00,False,,,,,,,,,
craigslist,Recently Renovated Property,Duboce,3240,1,1.0,https://www.craigslist.org/view/d/san-francisco-recently-renovated/ah4CJsjAJZ5Fxz6QGwEds1,37.7624152698659,-122.436413498671,San Francisco,2026-08-10T03:40:06.832892-07:00,True,,,,,15.0,12.0,,86.0,"49, K, L, M"
craigslist,TMLP 12-mo. | Contemporary Elegance: Wood-style Floors & More!,,3555,1,1.0,https://www.craigslist.org/view/d/san-francisco-tmlp-12-mo-contemporary/5fhf6A9d2r4oXbQ29SB3iv,37.7775545336859,-122.413027080349,San Francisco,2026-08-09T18:40:06.230355-07:00,False,,,,,,,,,
craigslist,SPACIOUS ONE BEDROOM with separate OFFICE room - NOB HILL,,1200,1,1.0,https://www.craigslist.org/view/d/san-francisco-spacious-one-bedroom-with/qVCoxXavXCuvHzmd1nYUwY,37.7906443274727,-122.414051528886,San Francisco,2026-08-09T16:20:06.675460-07:00,False,,,,,,,,,
craigslist,Spacious Russian Hill 1 BR,,3850,1,1.0,https://www.craigslist.org/view/d/san-francisco-spacious-russian-hill-br/juFobaXd6RsLVEgXwMT6Zd,37.8003571080153,-122.423605600119,San Francisco,2026-08-09T15:20:07.174239-07:00,False,,,,,,,,,
craigslist,Bright 1BR with Private Deck & Expansive City and Bay Views,,3695,1,1.0,https://www.craigslist.org/view/d/san-francisco-bright-1br-with-private/qAfwpYrGQpzQymx1H9DuKK,37.7450013635995,-122.438299102775,San Francisco,2026-08-09T13:20:07.004054-07:00,False,,,,,,,,,
craigslist,1BD/1BA high floor Nob Hill condo for rent ($4495),,4495,1,1.0,https://www.craigslist.org/view/d/san-francisco-1bd-1ba-high-floor-nob/iiQ6wgC4boJYevPBLsxfYT,37.7903538378706,-122.41248105157,San Francisco,2026-08-09T09:40:06.738903-07:00,False,,,,,,,,,
craigslist,Large one bedroom apartment with garage parking,Inner Sunset,3300,1,1.0,https://www.craigslist.org/view/d/san-francisco-large-one-bedroom/p5Ze43epNMsGK6gYqZAHVQ,37.7603761130732,-122.466999131689,San Francisco,2026-08-08T22:00:05.905130-07:00,True,,,,,29.0,5.0,,71.0,"43, 49, 5R, 6, K, N"
craigslist,"Clay/Taylor lar 1 bd, hwd flr, liv rm w views, top floor, nr trans",,4150,1,1.0,https://www.craigslist.org/view/d/san-francisco-clay-taylor-lar-bd-hwd/65LKPfxcBkKqWbuGPa1tKC,37.7934311941881,-122.412822534416,San Francisco,2026-08-08T18:40:06.356912-07:00,False,,,,,,,,,
craigslist,Light & bright top floor 2 bedroom,,2500,2,1.0,https://www.craigslist.org/view/d/san-francisco-light-bright-top-floor/sE5hzaWpq4v1vqFVH7L8Pj,37.7916997157313,-122.418600813779,San Francisco,2026-08-08T01:00:05.947824-07:00,False,,,,,,,,,
craigslist,"In-law,. Spacious Studio, in prestigious  neighbor.  Conv. .",,1399,1,1.0,https://www.craigslist.org/view/d/san-francisco-in-law-spacious-studio-in/o1ZAKkvTpsi24Ua1msv44P,37.7289745881549,-122.468078584175,San Francisco,2026-08-07T19:00:06.281532-07:00,False,,,,,,,,,
craigslist,Bernal heights 1 bedroom cottage house w/ garage,"Bernal,Glen Park/Excelsior",3995,1,1.0,https://www.craigslist.org/view/d/san-francisco-bernal-heights-bedroom/bGYuiMOS8RG6Kf3tSZEwMQ,37.7348416759768,-122.427575624682,San Francisco,2026-08-07T18:00:05.921582-07:00,False,,,,,,,,,
craigslist,1Bed/1 Ba. Fillmore/Pine Private Garden Apt.,Inner Richmond,2250,1,1.0,https://www.craigslist.org/view/d/san-francisco-1bed-ba-fillmore-pine/x9BCyNvAUkBR4hADDJiktY,37.7874512336806,-122.433818572817,San Francisco,2026-08-07T10:40:06.661420-07:00,True,,,,,20.0,6.0,,82.0,"22, 31, 38, 38R, 5, 5R"
craigslist,"Summertime, Best Time for a New Home!",,1200,1,1.0,https://www.craigslist.org/view/d/san-francisco-summertime-best-time-for/o1BrAipcQTthsgWgnVqzFb,37.7898519268421,-122.41121023118,San Francisco,2026-08-07T10:40:06.658534-07:00,False,,,,,,,,,
craigslist,NEW! South-Facing 1 Bed at VIDA SF w/ Shared Roof Deck & Gym **VIDEO**,Mission,4500,1,1.0,https://www.craigslist.org/view/d/san-francisco-new-south-facing-bed-at/cRuzmZ1EZiL3nQDWXzzMN6,37.7562473792017,-122.419938670231,San Francisco,2026-08-07T10:40:06.656948-07:00,False,,,,,19.0,5.0,,70.0,"49, Yellow-N"
craigslist,Downtown Living | 1BR w/ Walk-In Closet | Unit #303,,3145,1,1.0,https://www.craigslist.org/view/d/san-francisco-downtown-living-1br-walk/kSnVNJow9yXuXDuUcMDuTm,37.7860509248294,-122.41849137884,San Francisco,2026-08-07T08:20:06.822875-07:00,False,,,,,,,,,
craigslist,"Post Street Apartments--Nice, affordable 1 bedroom apartment!",,2100,1,1.0,https://www.craigslist.org/view/d/san-francisco-post-street-apartments/9NmZ3Ltct1ERUAEftfL2uC,37.7869733868795,-122.418778430696,San Francisco,2026-08-07T06:40:06.853633-07:00,False,,,,,,,,,
craigslist,3 bedrooms flat for rent,Bernal,4000,3,1.0,https://www.craigslist.org/view/d/san-francisco-bedrooms-flat-for-rent/wJmYQN56io7XBW67RUjqsz,37.7353710889794,-122.424706825002,San Francisco,2026-08-06T23:20:06.641487-07:00,False,,,,,28.0,3.0,,66.0,"14R, 49, Yellow-N"
craigslist,Affordable / 1br - Room for Rent - close to SFSU  (ingleside /,,1000,1,,https://www.craigslist.org/view/d/san-francisco-affordable-1br-room-for/tt6rZFzNF9PoLDzVhHfvgP,37.7210992832613,-122.475400984796,San Francisco,2026-08-06T21:20:06.526953-07:00,False,,,,,,,,,
craigslist,Quiet furnished one bedroom garden apartment,,4500,1,1.0,https://www.craigslist.org/view/d/san-francisco-quiet-furnished-one/iPRJCoUbW6vQ7LRWtCFFSJ,37.7987379292863,-122.430047937568,San Francisco,2026-08-06T19:20:07.739811-07:00,False,,,,,,,,,
craigslist,Charming One Bedroom in the Heart of Nob Hill,,4495,1,1.0,https://www.craigslist.org/view/d/san-francisco-charming-one-bedroom-in/hMR1bduwCzKNrqvu4YW6FC,37.792969963163,-122.409366452996,San Francisco,2026-08-06T17:40:06.198319-07:00,False,,,,,,,,,
craigslist,1 Bedroom available for immediate move in! Easy BART access!,,3957,1,1.0,https://www.craigslist.org/view/d/san-francisco-bedroom-available-for/5ywhUGGh3nZ6ekSzRpCECT,37.7801803992608,-122.409707935842,San Francisco,2026-08-06T17:00:06.763290-07:00,False,,,,,,,,,
craigslist,755 O'Farrell Street - 44,,2980,1,1.0,https://www.craigslist.org/view/d/san-francisco-755-ofarrell-street-44/7wraxo1Uniy2hHJiG8u9eo,37.7916997157313,-122.418600813779,San Francisco,2026-08-06T15:20:06.076496-07:00,False,,,,,,,,,
craigslist,1520 Gough Street - 206,Inner Richmond,4395,1,1.0,https://www.craigslist.org/view/d/san-francisco-1520-gough-street-206/7NZMUnPAiLgiwRxJ2xguLy,37.7876322883439,-122.425143991799,San Francisco,2026-08-06T14:40:06.209798-07:00,False,,,,,10.0,7.0,,76.0,"101, 38, 49"
craigslist,1077 Ashbury Street Owner LP - 1081C,Haight/Cole Valley,4475,1,1.0,https://www.craigslist.org/view/d/san-francisco-1077-ashbury-street-owner/8rDTLMufPhPbCCYCZbnC6M,37.7631257375319,-122.446795493918,San Francisco,2026-08-06T14:20:06.053241-07:00,False,,,,,29.0,10.0,,71.0,"33, 37, 43, 49, 5R, 6, K, M, N"
craigslist,Luxurious Room -7- for Rent in Vibrant SoMa Apartment!,,2000,1,1.0,https://www.craigslist.org/view/d/san-francisco-luxurious-room-for-rent/qGNz8seR8RGDh9I9ElIrkQ,37.7828205887806,-122.393943575067,San Francisco,2026-08-06T12:00:06.409466-07:00,False,,,,,,,,,
craigslist,Updated Spacious 1BR/1BA Laundry In Unit Pet Friendly,,4518,1,1.0,https://www.craigslist.org/view/d/san-francisco-updated-spacious-1br-1ba/65KbtZywvV6Mam3eZ73Jp3,37.7888068518238,-122.411880018843,San Francisco,2026-08-06T09:40:06.030056-07:00,False,,,,,,,,,
craigslist,"Telegraph Hill 1BR Condo w/Parking - 880 Sq Ft - $3,950",,3950,1,1.0,https://www.craigslist.org/view/d/san-francisco-telegraph-hill-1br-condo/gQLcWKRhfPCgFuXvFeMQ6z,37.8038332429581,-122.404984471779,San Francisco,2026-08-06T08:20:06.311796-07:00,False,,,,,,,,,
craigslist,Sunny Ground-Level 1BR with Extra Room – Walk to Transit,Way Out There,2500,1,1.0,https://www.craigslist.org/view/d/san-francisco-sunny-ground-level-1br/qiuBhHsZC2ENZgaV2KM6RW,37.7593006712918,-122.483594281266,San Francisco,2026-08-06T08:00:06.570973-07:00,False,,,,,,,,,
craigslist,Furnished One Bedroom,Inner Richmond,4500,1,1.0,https://www.craigslist.org/view/d/san-francisco-furnished-one-bedroom/m98rDFAUr5kQUCcSRfw7LK,37.7812014100517,-122.461398469242,San Francisco,2026-08-06T05:40:06.618198-07:00,False,,,,,26.0,12.0,,76.0,"31, 38, 38R, 5"
craigslist,Renting furnished/unfurnished 1bed/1bath in law unit in Noe Valley,Castro/Noe,3300,1,1.0,https://www.craigslist.org/view/d/san-francisco-renting-furnished/7ZPwJdkTUjKvMS6Ldv4hNL,37.7488946118172,-122.433845501833,San Francisco,2026-08-05T22:40:06.504214-07:00,True,,,,,27.0,12.0,,74.0,"24, 31, 48, 49, 5R, J, M"
craigslist,1BR in Lower Nob Hill | Hardwood Floors | W/D In Unit | Pet-Friendly,,4095,1,1.0,https://www.craigslist.org/view/d/san-francisco-1br-in-lower-nob-hill/tgeDud37d3i7vJn4Gkwjri,37.7905452057742,-122.413272879243,San Francisco,2026-08-05T22:20:06.894640-07:00,False,,,,,,,,,
craigslist,1BR/In-unit Laundry/Hardwood Floors/Modern Kitchen Appliances,,3395,1,1.0,https://www.craigslist.org/view/d/san-francisco-1br-in-unit-laundry/31oHgomUNo9faUcYk93brZ,37.7907193849439,-122.411893196872,San Francisco,2026-08-05T19:00:06.585783-07:00,False,,,,,,,,,
craigslist,Furnished Private Room w/ Private Bath & Rooftop Near Oracle Park,,800,3,3.0,https://www.craigslist.org/view/d/san-francisco-furnished-private-room/ksYbsDk3ypJY1YWoZD3k2E,37.7863992831688,-122.389203495228,San Francisco,2026-08-05T18:20:06.525404-07:00,False,,,,,,,,,
craigslist,Beautiful Victorian 1 Bedroom with Modern Amenities,"Haight/Cole Valley,Panhandle",4000,1,1.0,https://www.craigslist.org/view/d/san-francisco-beautiful-victorian/j43asesGje8Kf1DNsjGvX9,37.7711987128648,-122.441309995988,San Francisco,2026-08-05T18:20:06.524669-07:00,True,,,,,21.0,4.0,,82.0,"24, 49, 5, 5R, 6, 7"
craigslist,1 Bedroom 1 Bath / Brand-new Floors / In-unit Laundry,,4495,1,1.0,https://www.craigslist.org/view/d/san-francisco-bedroom-bath-brand-new/5Z2KJgvWSPvuEmFoZk6E8Y,37.7908356953763,-122.408929286198,San Francisco,2026-08-05T18:20:06.523700-07:00,False,,,,,,,,,
craigslist,Updated Bright 1BR/1BA Laundry On Site Ashbury Heights,Haight/Cole Valley,4475,1,1.0,https://www.craigslist.org/view/d/san-francisco-updated-bright-1br-1ba/oUrMhuTC9JJrrKLCCtcvpL,37.7631257375319,-122.446795493918,San Francisco,2026-08-05T18:00:06.668939-07:00,False,,,,,29.0,10.0,,71.0,"33, 37, 43, 49, 5R, 6, K, M, N"
craigslist,Updated Junior 1BR/1BA Laundry On Site Pet Friendly,Inner Richmond,4395,1,1.0,https://www.craigslist.org/view/d/san-francisco-updated-junior-1br-1ba/oqkKFjQfsgeiDVKidmSqdx,37.7876322883439,-122.425143991799,San Francisco,2026-08-05T18:00:06.667274-07:00,False,,,,,10.0,7.0,,76.0,"101, 38, 49"
craigslist,The private bathroom room for rent,Way Out There,1300,1,1.0,https://www.craigslist.org/view/d/san-francisco-the-private-bathroom-room/vgJ2XYryfyEi4wysBPrtS9,37.7441001009878,-122.486301506848,San Francisco,2026-08-05T16:50:05.946346-07:00,False,,,,,,,,,
craigslist,1 BR in Central Location | Laundry On-Site | Elevator Building,,2995,1,1.0,https://www.craigslist.org/view/d/san-francisco-br-in-central-location/aHChf1zjNEF9BvS9fkXXDK,37.7879359559753,-122.418696497731,San Francisco,2026-08-05T16:50:05.945566-07:00,False,,,,,,,,,
craigslist,755 O'Farrell Street - 44,,2980,1,1.0,https://www.craigslist.org/view/d/san-francisco-755-ofarrell-street-44/5ERHCjyfYTCVW2vaSga7W5,37.7916997157313,-122.418600813779,San Francisco,2026-08-05T14:50:06.514532-07:00,False,,,,,,,,,
craigslist,Income Qualified Apartments with Stunning Bay and City Views,,3843,2,1.0,https://www.craigslist.org/view/d/san-francisco-income-qualified/t5pKHNj6V7NVB1y18QL4RF,37.7823352935282,-122.389025878312,San Francisco,2026-08-05T14:50:06.513677-07:00,False,,,,,27.0,14.0,,78.0,"12, 120, 19, 5R, N"
craigslist,1520 Gough Street - 206,Inner Richmond,4395,1,1.0,https://www.craigslist.org/view/d/san-francisco-1520-gough-street-206/aHVQP6EYJ22qtCod62juvy,37.7876322883439,-122.425143991799,San Francisco,2026-08-05T14:30:06.679544-07:00,False,,,,,10.0,7.0,,76.0,"101, 38, 49"
craigslist,"1 BR, Living room w/full kitchen, washer/dryer, quiet neighborhood",,2490,1,1.0,https://www.craigslist.org/view/d/san-francisco-br-living-room-full/xzRcFnLshEpcWw4bH6e4rR,37.7210992832613,-122.475400984796,San Francisco,2026-08-05T14:10:07.083296-07:00,False,,,,,,,,,
craigslist,1077 Ashbury Street Owner LP - 1081C,Haight/Cole Valley,4475,1,1.0,https://www.craigslist.org/view/d/san-francisco-1077-ashbury-street-owner/iCw7fZCiDZ46gSA8cN9FTb,37.7631257375319,-122.446795493918,San Francisco,2026-08-05T14:10:07.023651-07:00,False,,,,,29.0,10.0,,71.0,"33, 37, 43, 49, 5R, 6, K, M, N"
craigslist,Upcoming - 2BR - Hardwood Floors -  Great Location - Pet-Friendly #27,,4495,2,1.0,https://www.craigslist.org/view/d/san-francisco-upcoming-2br-hardwood/aRPWVczf6ZGBTxnvaSBsY7,37.7877417232827,-122.414584379636,San Francisco,2026-08-05T13:30:06.670556-07:00,False,,,,,14.0,13.0,,82.0,"101, 2, 27, 38, 38R"
craigslist,Bright 2-BR in the inner Richmond w/ shared yard & parking!,NOPA/USF zone,4495,2,1.0,https://www.craigslist.org/view/d/san-francisco-bright-br-in-the-inner/85jPjtB7yQD1xMz8RbZoK7,37.7752793182815,-122.459567869087,San Francisco,2026-08-05T12:50:06.456205-07:00,False,,,,,22.0,6.0,,76.0,"31, 5, 5R"
craigslist,"Post Street Apartments--Nice, affordable 1 bedroom apartment!",,2100,1,1.0,https://www.craigslist.org/view/d/san-francisco-post-street-apartments/u32iSHqQrWysVdCr1NmpH1,37.7869733868795,-122.418778430696,San Francisco,2026-08-05T11:50:06.230350-07:00,False,,,,,,,,,
craigslist,Spacious 2-Bedroom w/ Parking Included! - 3121 Vicente St #102,Way Out There,4495,2,2.0,https://www.craigslist.org/view/d/san-francisco-spacious-bedroom-parking/27Cp5PEMk5PPwhmxXPp3Uz,37.7382295754192,-122.500275947471,San Francisco,2026-08-05T11:10:06.470988-07:00,False,,,,,44.0,16.0,,48.0,"18, 23, 49, 5R, K, L, M"
craigslist,OPERA PLAZA 1 BEDROOM 1 BATH CONDO,Inner Richmond,3200,1,1.0,https://www.craigslist.org/view/d/san-francisco-opera-plaza-bedroom-bath/c53xo6XtZB3ZAiXRe1yGFx,37.7813824647149,-122.420841078758,San Francisco,2026-08-05T10:30:06.093517-07:00,True,,,,,3.0,3.0,,75.0,
craigslist,Stunning 1BR – Steps to Golden Gate Park! Unit #1081C,Haight/Cole Valley,4475,1,1.0,https://www.craigslist.org/view/d/san-francisco-stunning-1br-steps-to/h6HCPhnZftc65uVKnpWHJS,37.7631257375319,-122.446795493918,San Francisco,2026-08-05T10:10:06.863786-07:00,False,,,,,29.0,10.0,,71.0,"33, 37, 43, 49, 5R, 6, K, M, N"
craigslist,"1 Bed, 1 Bath with Loft - IN SOMA",,3980,1,1.0,https://www.craigslist.org/view/d/san-francisco-bed-bath-with-loft-in-soma/sYdo2DFsjXF1rFxUSYxnED,37.7724999000175,-122.414693814574,San Francisco,2026-08-05T09:50:06.234417-07:00,False,,,,,,,,,
craigslist,Bright Downtown 1BR | In-Unit W/D | Unit #201,,4518,1,1.0,https://www.craigslist.org/view/d/san-francisco-bright-downtown-1br-in/rQqds4UA3CphfhYzVtFGmo,37.7888068518238,-122.411880018843,San Francisco,2026-08-05T09:30:06.640079-07:00,False,,,,,,,,,
craigslist,City Living Made Easy — 1BR + Washer/Dryer! Unit #44,,2980,1,1.0,https://www.craigslist.org/view/d/san-francisco-city-living-made-easy-1br/xcixfhd9xCE8vMfZvcLNXA,37.7916997157313,-122.418600813779,San Francisco,2026-08-05T09:30:06.638621-07:00,False,,,,,,,,,
craigslist,2 bed Furnished - BART Station + Union Sq,,3290,2,1.0,https://www.craigslist.org/view/d/san-francisco-bed-furnished-bart/2bDSvkVEhY96BjCoHVBo5K,37.7928983434387,-122.407906556534,San Francisco,2026-08-05T09:30:06.636981-07:00,False,,,,,22.0,4.0,,82.0,"1, 101, 2, 49, Blue-S, M"
craigslist,"5,000 / 900ft² – Modern Live/Work 1 bed/1bath in SoMa",,4500,1,1.0,https://www.craigslist.org/view/d/san-francisco-ft-modern-live-work-bed/b9V38j2EuGr7kUHNBoUqrn,37.7754643836493,-122.409434634973,San Francisco,2026-08-05T09:10:06.279499-07:00,False,,,,,,,,,
craigslist,"1 Bedroom Charm, Sunlit Balcony Views and Short Walks to Hotspots!",,2995,1,1.0,https://www.craigslist.org/view/d/san-francisco-bedroom-charm-sunlit/acbMRJvWU7EKa7bRfQzA2X,37.7826870896144,-122.414885182478,San Francisco,2026-08-05T04:50:05.970781-07:00,False,,,,,,,,,
craigslist,"1BR with Bay Views, Doorman & Garage Parking | Nob Hill",,3500,1,1.0,https://www.craigslist.org/view/d/san-francisco-1br-with-bay-views/bSfiFMdb3b3rqoTY9XunmT,37.7928949056919,-122.414406762719,San Francisco,2026-08-04T19:10:06.086619-07:00,False,,,,,,,,,
craigslist,"Renovated, Furnished, Quiet Apartment • 10 Minutes to UCSF",,3200,1,1.0,https://www.craigslist.org/view/d/san-francisco-renovated-furnished-quiet/k6No55TVPJkNNDcz4qJASF,37.7353985909536,-122.457095556201,San Francisco,2026-08-04T18:30:06.487715-07:00,False,,,,,,,,,
craigslist,"Quiet, Remodeled Garden Apartment - Fantastic Location",,3295,1,1.0,https://www.craigslist.org/view/d/san-francisco-quiet-remodeled-garden/bT9GPDUEAqbvgkixCBM5fj,37.7903440975881,-122.407333598739,San Francisco,2026-08-04T16:50:06.841169-07:00,False,,,,,,,,,
craigslist,Fully Furnished 1 Bedroom In Law Unit Near USCF,,3500,1,1.0,https://www.craigslist.org/view/d/san-francisco-fully-furnished-bedroom/cGrasMEqAVxwRCFg3rCvVa,37.7450013635995,-122.438299102775,San Francisco,2026-08-04T16:30:06.729394-07:00,False,,,,,,,,,
craigslist,1520 Gough Street - 206,Inner Richmond,4395,1,1.0,https://www.craigslist.org/view/d/san-francisco-1520-gough-street-206/ttMD6QgoWuRh2H6PuQUzQJ,37.7876322883439,-122.425143991799,San Francisco,2026-08-04T15:30:06.297915-07:00,False,,,,,10.0,7.0,,76.0,"101, 38, 49"
craigslist,1077 Ashbury Street Owner LP - 1081C,Haight/Cole Valley,4475,1,1.0,https://www.craigslist.org/view/d/san-francisco-1077-ashbury-street-owner/9kFRaQq2GaNLd3xYC18E1z,37.7631257375319,-122.446795493918,San Francisco,2026-08-04T15:10:06.097378-07:00,False,,,,,29.0,10.0,,71.0,"33, 37, 43, 49, 5R, 6, K, M, N"
craigslist,346 Leavenworth Street - 505,,2295,1,1.0,https://www.craigslist.org/view/d/san-francisco-346-leavenworth-street-505/99FntW1wkPqLMhNuC8Ucz1,37.7841624559368,-122.414323683839,San Francisco,2026-08-04T14:50:06.660679-07:00,False,,,,,,,,,
craigslist,755 O'Farrell Street - 44,,2980,1,1.0,https://www.craigslist.org/view/d/san-francisco-755-ofarrell-street-44/sNLaLbQpWYgBfWjT8NeEu4,37.7916997157313,-122.418600813779,San Francisco,2026-08-04T14:50:06.658268-07:00,False,,,,,,,,,
craigslist,1520 Gough Street - 206,Inner Richmond,4395,1,1.0,https://www.craigslist.org/view/d/san-francisco-1520-gough-street-206/nUAiw3bf1W7tZwxjUaThrY,37.7876322883439,-122.425143991799,San Francisco,2026-08-04T14:30:06.137825-07:00,False,,,,,10.0,7.0,,76.0,"101, 38, 49"
craigslist,1br/In-Unit Washer/Dryer /Easy Commute w/Cable Car Just Outside!,,3995,1,1.0,https://www.craigslist.org/view/d/san-francisco-1br-in-unit-washer-dryer/3jgfaNLR2JqH1NXgWpTb6F,37.7908356953763,-122.408929286198,San Francisco,2026-08-04T14:30:06.137024-07:00,False,,,,,,,,,
craigslist,1077 Ashbury Street Owner LP - 1081C,Haight/Cole Valley,4475,1,1.0,https://www.craigslist.org/view/d/san-francisco-1077-ashbury-street-owner/ooDvHaPwTZxfLauCAfnm4K,37.7631257375319,-122.446795493918,San Francisco,2026-08-04T14:10:05.953037-07:00,False,,,,,29.0,10.0,,71.0,"33, 37, 43, 49, 5R, 6, K, M, N"
craigslist,"Great City Views, Mid-Century Mod, Big Windows, Bamboo Flrs, W/D",Inner Richmond,4300,1,1.0,https://www.craigslist.org/view/d/san-francisco-great-city-views-mid/iahHCaS64aSTTPPDnPPbcV,37.7881582635998,-122.432001723649,San Francisco,2026-08-04T13:10:06.532210-07:00,False,,,,,20.0,15.0,,82.0,"1, 101, 22, 31, 38, 38R, 5"
craigslist,"Post Street Apartments--Nice, affordable 1 bedroom apartment!",,2100,1,1.0,https://www.craigslist.org/view/d/san-francisco-post-street-apartments/gkmvR6NsBr9tu4oj6VzH36,37.7869733868795,-122.418778430696,San Francisco,2026-08-04T12:10:06.164967-07:00,False,,,,,,,,,
craigslist,1 Br au pair unit,,2200,1,1.0,https://www.craigslist.org/view/d/san-francisco-br-au-pair-unit/pPzkwVWUwCCQEyGMk7W1h5,37.7330729552633,-122.447383348616,San Francisco,2026-08-04T10:50:06.290686-07:00,False,,,,,,,,,
craigslist,Spacious 1 Bed Executive Available in SoMa!,,4064,1,1.0,https://www.craigslist.org/view/d/san-francisco-spacious-bed-executive/fuoLrxnM6kbyTf6Fxa1RP6,37.7801803992608,-122.409707935842,San Francisco,2026-08-04T10:30:06.167565-07:00,False,,,,,,,,,
craigslist,Beautiful 2BR For Rent,,4200,2,1.0,https://www.craigslist.org/view/d/san-francisco-beautiful-2br-for-rent/hoCDBfBsy49dBWSzZEfakZ,37.7895855014674,-122.413292359808,San Francisco,2026-08-04T10:30:06.166893-07:00,False,,,,,18.0,6.0,,82.0,"101, 2, 27, 38, 38R, 49"
craigslist,MUST SEE.   Spacious / Sunny one bedroom,,1950,1,1.0,https://www.craigslist.org/view/d/san-francisco-must-see-spacious-sunny/mRsQkaee5dr9GP736aWmAF,37.8001995446216,-122.409109767903,San Francisco,2026-08-04T10:30:06.166200-07:00,False,,,,,,,,,
craigslist,NOB HILL 1 BEDROOM UNDER $4000,,3995,1,1.0,https://www.craigslist.org/view/d/san-francisco-nob-hill-bedroom-under/7YRs7xRgfsDQT6fK8fhT8i,37.7898553645889,-122.420540275916,San Francisco,2026-08-04T09:50:06.913189-07:00,False,,,,,,,,,
craigslist,"Recycling and compost service, On-Site Laundry, 3bd",,4195,3,1.0,https://www.craigslist.org/view/d/san-francisco-recycling-and-compost/3v8cVA82mrd7RmpjLYvHbx,37.7806519435262,-122.404762737112,San Francisco,2026-08-04T09:30:06.033933-07:00,False,,,,,15.0,8.0,,82.0,"101, 120, 19, 27, 5R, M"
craigslist,Seeking One Roomate to Share SF Apartment,Inner Richmond,1650,2,1.0,https://www.craigslist.org/view/d/san-francisco-seeking-one-roomate-to/JCU0Ao2C8RGtCvaffPxB8g,37.7865631490982,-122.471999334367,San Francisco,2026-08-04T09:30:06.033254-07:00,True,,,,,37.0,9.0,,57.0,"1, 101, 28, 28R, 31, 38R, 49, 5R"
craigslist,"RENT CONTROLLED 1 BED UNDER $1,400?!",,1395,1,1.0,https://www.craigslist.org/view/d/san-francisco-rent-controlled-bed-under/ktaxdSp2TM8Tbd4mgdxpkA,37.7868123857391,-122.413177768249,San Francisco,2026-08-04T09:30:05.855491-07:00,False,,,,,,,,,
craigslist,"SF 1 BED UNDER $1,400???",,1395,1,1.0,https://www.craigslist.org/view/d/san-francisco-sf-bed-under-1400/5eHmf2mChpsxxypGZLRTBd,37.7916997157313,-122.418600813779,San Francisco,2026-08-04T09:30:05.854151-07:00,False,,,,,,,,,
craigslist,MODERN NOB HILL 1 BEDROOM,,4495,1,1.0,https://www.craigslist.org/view/d/san-francisco-modern-nob-hill-bedroom/jrK8QjKwQEDxEXPK5ziJMZ,37.7912046801963,-122.408054952603,San Francisco,2026-08-04T09:30:05.853452-07:00,False,,,,,,,,,
craigslist,RENOVATED NOB HILL 1 BEDROOM,,3895,1,1.0,https://www.craigslist.org/view/d/san-francisco-renovated-nob-hill-bedroom/vvHWy3WpiHyKw3wMjp6P9Y,37.7912046801963,-122.408054952603,San Francisco,2026-08-04T09:30:05.852765-07:00,False,,,,,,,,,
craigslist,Modern Executive with open Layout –In SOMA,,3943,1,1.0,https://www.craigslist.org/view/d/san-francisco-modern-executive-with/2315pswHJz7pmyTv4wf3bb,37.7724999000175,-122.414693814574,San Francisco,2026-08-04T09:30:05.849918-07:00,False,,,,,,,,,
craigslist,WASHER AND DRYER IN UNIT 1 BEDROOM!,Inner Richmond,4295,1,1.0,https://www.craigslist.org/view/d/san-francisco-washer-and-dryer-in-unit/4vicw6LGYP2BNUbD65Jpsi,37.7785927332106,-122.439569350207,San Francisco,2026-08-04T09:30:05.849032-07:00,False,,,,,14.0,6.0,,76.0,"31, 5, 5R"
craigslist,Steps Away from N -Judah Train Pet Friendly,Way Out There,4085,1,1.0,https://www.craigslist.org/view/d/san-francisco-steps-away-from-judah/7WdmknQZEVfhJDP3vzq77M,37.7593006712918,-122.483594281266,San Francisco,2026-08-04T09:10:06.175682-07:00,False,,,,,,,,,
craigslist,W/D 1x1 - Storage Space Convient Location,,3035,1,1.0,https://www.craigslist.org/view/d/san-francisco-d-1x1-storage-space/nf7urfimLVomh4e7BEaTM2,37.7916997157313,-122.418600813779,San Francisco,2026-08-04T09:10:06.174993-07:00,False,,,,,,,,,
craigslist,Natural Light Perfect mix of historical charm and modern design,Haight/Cole Valley,4525,1,1.0,https://www.craigslist.org/view/d/san-francisco-natural-light-perfect-mix/fW89Rgg8JMJjKDA7xzVg89,37.7631257375319,-122.446795493918,San Francisco,2026-08-04T08:50:06.055456-07:00,False,,,,,29.0,10.0,,71.0,"33, 37, 43, 49, 5R, 6, K, M, N"
craigslist,shared room,Glen Park/Excelsior,1080,1,,https://www.craigslist.org/view/d/san-francisco-shared-room/nM9hWKwcWhoZWsDKL6o2np,37.7355590191362,-122.430239305471,San Francisco,2026-08-04T08:50:06.054073-07:00,False,,,,,,,,,
craigslist,"Excelsior Furnished Master Bed/1 Bath, First Two Weeks Rent Free, Util",Glen Park/Excelsior,2500,1,1.0,https://www.craigslist.org/view/d/san-francisco-excelsior-furnished/KKrR3KOD8RGaz5be7KVNKQ,37.7169522147404,-122.433381406019,San Francisco,2026-08-04T08:50:06.053385-07:00,False,,,,,,,,,
craigslist,EASY COMMUTE TO FIDI FROM WALKABLE LOWER NOB HILL 1BD 1BA ~ W/D IN UNIT,,4095,1,1.0,https://www.craigslist.org/view/d/san-francisco-easy-commute-to-fidi-from/8P7yEHLEonm7c7AULXa3BV,37.790501088024,-122.413300381217,San Francisco,2026-08-04T06:50:06.435241-07:00,False,,,,,,,,,
craigslist,Beautiful Spacious 2 Room Garden Level Suite (2-IS-KB),Way Out There,2500,2,1.0,https://www.craigslist.org/view/d/san-francisco-beautiful-spacious-room/3NrijEppzyoCca3qQz1vLi,37.7593006712918,-122.483594281266,San Francisco,2026-08-04T04:10:06.488337-07:00,False,,,,,41.0,8.0,,50.0,"28R, 49, 5R, 7, N"
craigslist,"REHABBED 1 BEDROOM APT TWIN PEAKS W PARKING, CUSTOM UPGRADES, $300 OFF",,3195,1,1.0,https://www.craigslist.org/view/d/san-francisco-rehabbed-bedroom-apt-twin/aWj98mXfAr5r8kswXN6Rnq,37.7518522199555,-122.44624946514,San Francisco,2026-08-04T00:10:06.725695-07:00,False,,,,,,,,,
craigslist,Great 2 bedroom 1 bath back on market,"Mission,Chill Mission",4100,2,1.0,https://www.craigslist.org/view/d/san-francisco-great-bedroom-bath-back/4hYE2xn6MbEUiMojqTMu5M,37.7560560112981,-122.408505870387,San Francisco,2026-08-04T00:10:06.724817-07:00,False,,,,,28.0,13.0,,73.0,"19, 27, 33, 49, 9, 9R"
craigslist,Laundry in Unit! TOP FLOOR 1-Bedroom Apartment at 625 Guerrero Street,Mission,4595,1,1.0,https://www.craigslist.org/view/d/san-francisco-laundry-in-unit-top-floor/59p2qimJf4GFDj773wN6Ti,37.7611753891973,-122.423764309429,San Francisco,2026-08-03T16:50:06.729213-07:00,False,,,,,18.0,8.0,,70.0,"49, Yellow-N"
craigslist,755 O'Farrell Street - 44,,2980,1,1.0,https://www.craigslist.org/view/d/san-francisco-755-ofarrell-street-44/nL1sG9EXW9cDBcv2dZfeXB,37.7916997157313,-122.418600813779,San Francisco,2026-08-03T16:10:06.125261-07:00,False,,,,,,,,,
craigslist,two flat for rent,Way Out There,4000,2,1.0,https://www.craigslist.org/view/d/san-francisco-two-flat-for-rent/vfrSMcLXyWVXRM8PyhhSeq,37.7593006712918,-122.483594281266,San Francisco,2026-08-03T14:50:06.174996-07:00,True,,,,,41.0,8.0,,50.0,"28R, 49, 5R, 7, N"
craigslist,"Pine/Powell Sts 1bd apt, hwd flr, remod kit & bath, laund,nr fin dist",,3800,1,1.0,https://www.craigslist.org/view/d/san-francisco-pine-powell-sts-1bd-apt/4dPi3cmZwxE6ucSWtY2NqT,37.7909107528475,-122.408328253471,San Francisco,2026-08-03T13:10:05.885440-07:00,True,,,,,,,,,
craigslist,Granny Apt. furnished,Inner Richmond,4500,1,1.0,https://www.craigslist.org/view/d/san-francisco-granny-apt-furnished/m98rDFAUr5kQUCcSRfw7LK,37.7812014100517,-122.461398469242,San Francisco,2026-08-03T11:50:06.779329-07:00,False,,,,,26.0,12.0,,76.0,"31, 38, 38R, 5"
craigslist,Large 2 bedroom one bath apartment located in SOMA,,4500,2,1.0,https://www.craigslist.org/view/d/san-francisco-large-bedroom-one-bath/f1NEHwDiGQrd9RoVDjWv5B,37.7724999000175,-122.414693814574,San Francisco,2026-08-03T10:48:04.219659-07:00,False,,,,,13.0,10.0,,76.0,"27, 49, 9R"
craigslist,"RH Meets Glam with 21 Ft Deck, In-Suite Washer & Dryer, Dishwasher",Way Out There,4500,2,1.0,https://www.craigslist.org/view/d/san-francisco-rh-meets-glam-with-21-ft/uPsJ1aeGWyZ6p5mxRiFmgb,37.7822121076022,-122.480591409462,San Francisco,2026-08-03T10:48:04.071713-07:00,False,,,,,32.0,12.0,,66.0,"29, 31, 38, 38R, 5R"
craigslist,"Cozy 1 Bedroom,Near Japantown close to parks (hardwood floors)",,4445,1,1.0,https://www.craigslist.org/view/d/san-francisco-cozy-bedroomnear/kpMBBKkmKMyUKpdvHsvW84,37.7916997157313,-122.418600813779,San Francisco,2026-08-03T10:02:10.962792-07:00,False,,,,,,,,,
craigslist,One Bedroom in Great Inner Richmond Location | Parking Included,,3495,1,1.0,https://www.craigslist.org/view/d/san-francisco-one-bedroom-in-great/nXFrG83vTYsVSAh5rPuFc8,37.7799775722014,-122.470660332,San Francisco,2026-08-03T10:02:10.962471-07:00,True,,,,,,,,,
craigslist,"1br - SPACIOUS ONE BEDROOM with separate OFFICE room - NOB HILL $2,200",,2200,1,1.0,https://www.craigslist.org/view/d/san-francisco-1br-spacious-one-bedroom/7XGfEhrbF8dDex6Z6Avzhg,37.7904626998517,-122.413915164931,San Francisco,2026-08-03T10:02:10.962404-07:00,True,,,,,,,,,
craigslist,"Affordable SoMa Apartments with Bay Bridge Views, Income Limits Apply",,3843,2,1.0,https://www.craigslist.org/view/d/san-francisco-affordable-soma/irNFi12x9mASZfU1N62CJE,37.7823352935282,-122.389025878312,San Francisco,2026-08-03T10:02:10.962333-07:00,True,,,,,27.0,14.0,,78.0,"12, 120, 19, 5R, N"
craigslist,Two BR Downstairs in Quiet Inner Parkside,Way Out There,2550,2,1.0,https://www.craigslist.org/view/d/san-francisco-two-br-downstairs-in/uDtX7wQ3kGG9AnLdAQwWVA,37.7441001009878,-122.486301506848,San Francisco,2026-08-03T10:02:10.962274-07:00,True,,,,,36.0,14.0,,62.0,"48, 49, 6, 66, L"
craigslist,Large + BRIGHT w Tons of Natural light! loc Sutter @ Scott LowePacHeig,,3695,1,1.0,https://www.craigslist.org/view/d/san-francisco-large-bright-tons-of/qsi9QS43LVB2hmQvy3b4ea,37.7854636430894,-122.438175916849,San Francisco,2026-08-03T10:02:10.962146-07:00,True,,,,,,,,,
craigslist,"Video entry system, In SF, 3 Bed",,4395,3,1.0,https://www.craigslist.org/view/d/san-francisco-video-entry-system-in-sf/jJkTafUdVvmp6qLWGGRjVW,37.7806519435262,-122.404762737112,San Francisco,2026-08-03T10:02:10.961972-07:00,False,,,,,15.0,8.0,,82.0,"101, 120, 19, 27, 5R, M"
craigslist,"Bright, Sunny Excelsior District Flat",Glen Park/Excelsior,3500,2,1.0,https://www.craigslist.org/view/d/san-francisco-bright-sunny-excelsior/61GrWBELc1V39rGWWSVkmk,37.7195013039708,-122.441099147519,San Francisco,2026-08-03T10:02:10.961733-07:00,True,,,,,32.0,23.0,,57.0,"49, Yellow-N"
craigslist,LOWER NOB HILL 2 BEDROOM UNDER $4300!,,4295,2,1.0,https://www.craigslist.org/view/d/san-francisco-lower-nob-hill-bedroom/qMACiGrkbmcBshmgAhN7MM,37.7874924866419,-122.414693814574,San Francisco,2026-08-03T10:02:10.961664-07:00,False,,,,,14.0,12.0,,82.0,"101, 2, 27, 38, 38R"
craigslist,"Restored exterior façade, Video entry system, 3bd 1ba",,4395,3,1.0,https://www.craigslist.org/view/d/san-francisco-restored-exterior-faade/midV2wLWNEBgZQyWoYu1nv,37.7806519435262,-122.404762737112,San Francisco,2026-08-03T10:02:10.961603-07:00,False,,,,,15.0,8.0,,82.0,"101, 120, 19, 27, 5R, M"
craigslist,Private Studio Available,Way Out There,2000,1,1.0,https://www.craigslist.org/view/d/san-francisco-private-studio-available/gov9xjE1zwspuM3sNnnamm,37.7593006712918,-122.483594281266,San Francisco,2026-08-03T10:02:10.961543-07:00,False,,,,,,,,,
craigslist,"Video entry system, On-Site Laundry",,4395,3,1.0,https://www.craigslist.org/view/d/san-francisco-video-entry-system-on/78E9iquq5aNLtSDCAf8oyV,37.7806519435262,-122.404762737112,San Francisco,2026-08-03T10:02:10.961468-07:00,False,,,,,15.0,8.0,,82.0,"101, 120, 19, 27, 5R, M"
craigslist,"Recycling and compost service, in SF CA, 3/bd 1/ba",,4195,3,1.0,https://www.craigslist.org/view/d/san-francisco-recycling-and-compost/6JhTrh3qRGWLcbWPEFbdS1,37.7806519435262,-122.404762737112,San Francisco,2026-08-03T10:02:10.961409-07:00,False,,,,,15.0,8.0,,82.0,"101, 120, 19, 27, 5R, M"
craigslist,"3 BD, On-Site Laundry, Building surveillance",,4395,3,1.0,https://www.craigslist.org/view/d/san-francisco-bd-on-site-laundry/xxt1cKZo82K23bgCvgHzk9,37.7806519435262,-122.404762737112,San Francisco,2026-08-03T10:02:10.961334-07:00,False,,,,,15.0,8.0,,82.0,"101, 120, 19, 27, 5R, M"
craigslist,"2 Bed, 1 Bath Townhome Apartment with Beautiful View! Unit GO825",,3925,2,1.0,https://www.craigslist.org/view/d/san-francisco-bed-bath-townhome/vbUz7YqDYDnZRQvwsa1sp5,37.7175440801427,-122.481943589859,San Francisco,2026-08-03T10:02:10.961173-07:00,True,,,,,45.0,17.0,,42.0,"122, 29, 49, 57, Green-N, K, M, Yellow-N"
craigslist,RENT CONTROLLED RUSSIAN HILL 1BEDROOM FOR RENT,,4545,1,1.0,https://www.craigslist.org/view/d/san-francisco-rent-controlled-russian/cCX6rLaeyBAr85agdS1Qk9,37.7986456830813,-122.423245209666,San Francisco,2026-08-03T10:02:10.961056-07:00,False,,,,,,,,,
craigslist,"700 SqFt Lower Mission 2 bed, Hardwood Floors, Near 24th Street BART",,4321,2,1.0,https://www.craigslist.org/view/d/san-francisco-700-sqft-lower-mission/bbwfSCP5g9YGhJepC7E6bA,37.7745762990669,-122.404380001305,San Francisco,2026-08-03T10:02:10.960749-07:00,False,,,,,17.0,6.0,,70.0,"19, 27"
craigslist,1BR/Lower Nob Hill/Timeless Charm +Spacious Living/Rarely Available,,4595,1,1.0,https://www.craigslist.org/view/d/san-francisco-1br-lower-nob-hill/ujyMZTCjJfsewCYQG6ZMTd,37.7880694551415,-122.417671476236,San Francisco,2026-08-03T10:02:10.960682-07:00,False,,,,,,,,,
craigslist,UCSF/Gg park inner sunset fully furnished 2bd/1ba,Inner Sunset,4588,2,1.0,https://www.craigslist.org/view/d/san-francisco-ucsf-gg-park-inner-sunset/chjESnmaoCDqtkAcQsF9VU,37.7645736018801,-122.471726033499,San Francisco,2026-08-03T10:02:10.960554-07:00,False,,,,,33.0,6.0,,64.0,"28, 49, 5R, 6, 7, N"
craigslist,"Remodeled ""Large"" 1 Bedroom.  Lots of Natural Light",Way Out There,4000,1,1.0,https://www.craigslist.org/view/d/san-francisco-remodeled-large-bedroom/1SjhwnTihBoeGJJWpdeqfA,37.7756179363384,-122.504128515685,San Francisco,2026-08-03T10:02:10.960480-07:00,True,,,,,,,,,
craigslist,Two BDRM waterfront condo,,1450,2,2.0,https://www.craigslist.org/view/d/san-francisco-two-bdrm-waterfront-condo/uDRSbE54bGGrd6Hw2CkQaz,37.7309008722621,-122.388597878839,San Francisco,2026-08-03T10:02:10.960415-07:00,False,,,,,53.0,10.0,,42.0,"101, 15, 19, 24, 44, 49, 54"
craigslist,"Apartment Rental: 400 block Larkin, San Francisco",,4000,1,1.0,https://www.craigslist.org/view/d/san-francisco-apartment-rental-400/t8MEJreytsnZ9yqPCPEZiF,37.7814477819036,-122.417152376473,San Francisco,2026-08-03T10:02:10.960228-07:00,True,,,,,,,,,
craigslist,2bed 2 bath apartment at Hanover SoMa West.,,4500,2,2.0,https://www.craigslist.org/view/d/san-francisco-2bed-bath-apartment-at/hFutumwQKSJcRxDaSZXtBB,37.7724999000175,-122.414693814574,San Francisco,2026-08-03T10:02:10.960170-07:00,False,,,,,13.0,11.0,,76.0,"27, 49, 9R"
craigslist,"3 Bed, Building surveillance, Video entry system",,4395,3,1.0,https://www.craigslist.org/view/d/san-francisco-bed-building-surveillance/fL8dikbZdPVndLpnfxzPAP,37.7806519435262,-122.404762737112,San Francisco,2026-08-03T10:02:10.960111-07:00,False,,,,,15.0,8.0,,82.0,"101, 120, 19, 27, 5R, M"
craigslist,In law Room with Private Bathroom next to Ocean Beach,Way Out There,2800,1,1.0,https://www.craigslist.org/view/d/san-francisco-in-law-room-with-private/oFCVvXN5yS9D3REE11M7B4,37.7593006712918,-122.483594281266,San Francisco,2026-08-03T10:02:10.960052-07:00,True,,,,,,,,,
craigslist,"Bicycle rack, Recycling and compost service, 3BD 1BA",,4395,3,1.0,https://www.craigslist.org/view/d/san-francisco-bicycle-rack-recycling/ru2ETDdGzeTdE5panrkFVy,37.7806519435262,-122.404762737112,San Francisco,2026-08-03T10:02:10.959861-07:00,False,,,,,15.0,8.0,,82.0,"101, 120, 19, 27, 5R, M"
craigslist,Charming top floor 1BD/1BA in Prime Location! Move-in Early September,NOPA/USF zone,3995,1,1.0,https://www.craigslist.org/view/d/san-francisco-charming-top-floor-1bd/ogKECDreFuSmUeGQJoqHfn,37.7738389023846,-122.446065545687,San Francisco,2026-08-03T10:02:10.959608-07:00,True,,,,,17.0,6.0,,76.0,"5, 5R, 6"
craigslist,"Restored exterior façade, Bicycle rack, 3BD 1BA",,4395,3,1.0,https://www.craigslist.org/view/d/san-francisco-restored-exterior-faade/wPGvuyWC1SSCLrbFAoR5GJ,37.7806519435262,-122.404762737112,San Francisco,2026-08-03T10:02:10.959308-07:00,False,,,,,15.0,8.0,,82.0,"101, 120, 19, 27, 5R, M"
craigslist,3 Bed 1.5 Bath (Second-Floor Unit),,3600,3,2.0,https://www.craigslist.org/view/d/san-francisco-bed-15-bath-second-floor/ct99m5sbUbKnChWPkzYX5y,37.7309008722621,-122.388597878839,San Francisco,2026-08-03T10:02:10.959248-07:00,True,,,,,53.0,10.0,,42.0,"101, 15, 19, 24, 44, 49, 54"
craigslist,Private Room - Outer Richmond,Way Out There,1195,5,,https://www.craigslist.org/view/d/san-francisco-private-room-outer/qGjbrcoij8KtDCZuCKVk7a,37.7785996087041,-122.489197235545,San Francisco,2026-08-03T10:02:10.958856-07:00,False,,,,,36.0,10.0,,58.0,"31, 38, 38R, 5R"
craigslist,**Fully Furnished**,,4000,1,1.0,https://www.craigslist.org/view/d/san-francisco-fully-furnished/4j46xtAeEEtd84m9e7aCdB,37.7887386698462,-122.391074775387,San Francisco,2026-08-03T10:02:10.958732-07:00,True,,,,,,,,,
craigslist,Easy to show.,Mission,4000,1,1.0,https://www.craigslist.org/view/d/san-francisco-easy-to-show/wsKxwhq2WefF3Xv89q9FP4,37.7556669729553,-122.414925862481,San Francisco,2026-08-03T10:02:10.958673-07:00,True,,,,,21.0,7.0,,70.0,"49, Yellow-N"
craigslist,Fully Furnished 1BD 1BA Sublet in the Marina!,,2950,1,1.0,https://www.craigslist.org/view/d/san-francisco-fully-furnished-1bd-1ba/iEjSXhviDG9MA5mNLNqb6p,37.8032018434679,-122.432397637485,San Francisco,2026-08-03T10:02:10.958598-07:00,True,,,,,,,,,
craigslist,Just Rented- AMSI,Way Out There,2950,1,1.0,https://www.craigslist.org/view/d/san-francisco-just-rented-amsi/hWnSZ3WyDkuG1pVfuqxUaC,37.7785996087041,-122.489197235545,San Francisco,2026-08-03T10:02:10.958421-07:00,True,,,,,,,,,
craigslist,"Bright and Spacious 2 Bed, 1 Bath Townhome Apartment! Unit GO415",,3995,2,1.0,https://www.craigslist.org/view/d/san-francisco-bright-and-spacious-bed/kWZium8M1EePCvdDBRcUxH,37.7161099667816,-122.477299193972,San Francisco,2026-08-03T10:02:10.958297-07:00,True,,,,,41.0,14.0,,50.0,"28, 29, 49, 57, Green-N, K, M"
craigslist,"Stunning 2 Bed, 2 Bath Tower Apartment! Unit SE35511C",,3445,2,2.0,https://www.craigslist.org/view/d/san-francisco-stunning-bed-bath-tower/oEZgVDRKktHoj3RvChsbAx,37.7192893095866,-122.480672196511,San Francisco,2026-08-03T10:02:10.958239-07:00,True,,,,,42.0,13.0,,48.0,"28R, 29, 49, 57, Green-N, K, M"
craigslist,Just Rented- AMSI,,4200,1,1.0,https://www.craigslist.org/view/d/san-francisco-just-rented-amsi/iY3J3qkZNhjfFZjrXEhqbJ,37.7863992831688,-122.389203495228,San Francisco,2026-08-03T10:02:10.958180-07:00,False,,,,,,,,,
craigslist,"Whimsical 2BR/1BA, Outer Parkside Gem and Dog Friendly - AMSI",Way Out There,4000,2,1.0,https://www.craigslist.org/view/d/san-francisco-whimsical-2br-1ba-outer/fjmTRWW5VM8RjJqBc25LmJ,37.7441001009878,-122.486301506848,San Francisco,2026-08-03T10:02:10.958063-07:00,True,,,,,36.0,14.0,,62.0,"48, 49, 6, 66, L"
craigslist,"Affordable SoMa Apartments with Bay Bridge Views, Income Limits Apply",,3843,2,1.0,https://www.craigslist.org/view/d/san-francisco-affordable-soma/x4ii5RVQ9Nc8WLQBsBbhwH,37.7823352935282,-122.389025878312,San Francisco,2026-08-03T10:02:10.957997-07:00,True,,,,,27.0,14.0,,78.0,"12, 120, 19, 5R, N"
craigslist,"3/BD, Cats and small dogs welcome, On-Site Laundry",,4395,3,1.0,https://www.craigslist.org/view/d/san-francisco-bd-cats-and-small-dogs/fi1mJh2oHCQasidjQFceva,37.7806519435262,-122.404762737112,San Francisco,2026-08-03T10:02:10.957939-07:00,False,,,,,15.0,8.0,,82.0,"101, 120, 19, 27, 5R, M"
craigslist,"small 1 bedroom flat private yard, all utilities paid. newer building",Bernal,3500,1,1.0,https://www.craigslist.org/view/d/san-francisco-small-bedroom-flat/3JtCCDZKm7MKDtrE13avmw,37.7470743249021,-122.406278783438,San Francisco,2026-08-03T10:02:10.957764-07:00,True,,,,,,,,,
craigslist,"Bicycle rack, On-Site Laundry, Video entry system",,4395,3,1.0,https://www.craigslist.org/view/d/san-francisco-bicycle-rack-on-site/rhsw8kd2kiuceTvSAjruQL,37.7806519435262,-122.404762737112,San Francisco,2026-08-03T10:02:10.957639-07:00,False,,,,,15.0,8.0,,82.0,"101, 120, 19, 27, 5R, M"
craigslist,Renovated 1 Bedroom Near Ocean Beach!,Way Out There,3095,1,1.0,https://www.craigslist.org/view/d/san-francisco-renovated-bedroom-near/jABpjKomZzg2aTCAvAkn42,37.7381717066819,-122.501573696877,San Francisco,2026-08-03T10:02:10.957183-07:00,True,,,,,,,,,
craigslist,Fully furnished | Beautiful Cottage | Studio,Mission,2250,1,1.0,https://www.craigslist.org/view/d/san-francisco-fully-furnished-beautiful/k2XR9YPVa22KMdTDCeCd5i,37.7508993911422,-122.415297712091,San Francisco,2026-08-03T10:02:10.956818-07:00,True,,,,,22.0,20.0,,74.0,"49, Yellow-N"
craigslist,"Charming Small 2 bed, 1 bath for rent in St. Francis Woods",,2000,2,1.0,https://www.craigslist.org/view/d/san-francisco-charming-small-bed-bath/dxK3TETcms9ihgx8WHuxUb,37.7353985909536,-122.457095556201,San Francisco,2026-08-03T10:02:10.956750-07:00,False,,,,,38.0,17.0,,55.0,"23, 43, 49, 5R, K, L, M"
craigslist,Renovated 2 Bedroom!,Glen Park/Excelsior,4495,2,1.0,https://www.craigslist.org/view/d/san-francisco-renovated-bedroom/ucLzC1YxxonTyYQnuBZJQF,37.7315391472458,-122.450591912269,San Francisco,2026-08-03T10:02:10.956421-07:00,False,,,,,30.0,14.0,,69.0,"23, 43, 49, 5R, K, L, Red-N"
craigslist,"44 Burr Ave, San Francisco",,3500,3,1.0,https://www.craigslist.org/view/d/san-francisco-44-burr-ave-san-francisco/xjJwNFXuXBMgueoQpQEnW7,37.7099661403447,-122.414667458516,San Francisco,2026-08-03T10:02:10.956354-07:00,True,,,,,50.0,21.0,,42.0,"49, 8, 9R, Green-N"
craigslist,Garden Studio Close to CCSF,Glen Park/Excelsior,1900,1,1.0,https://www.craigslist.org/view/d/san-francisco-garden-studio-close-to/iu1sDsiqhVvqzm27yTxXFr,37.7282744337293,-122.446563446011,San Francisco,2026-08-03T10:02:10.956235-07:00,False,,,,,,,,,
craigslist,Remodeled One Bedroom One Bath W/Pkg. North Waterfront Unfurnished,,4500,1,1.0,https://www.craigslist.org/view/d/san-francisco-remodeled-one-bedroom-one/aLDgwVDKxHjrLQmTiy41Gz,37.803758185487,-122.40556888873,San Francisco,2026-08-03T10:02:10.956168-07:00,False,,,,,,,,,
craigslist,One-Bedroom Unit – Bike to SFSU,Way Out There,1899,1,1.0,https://www.craigslist.org/view/d/san-francisco-one-bedroom-unit-bike-to/q6wSAPuZgMsZEQWsGmPbhL,37.7441001009878,-122.486301506848,San Francisco,2026-08-03T10:02:10.955798-07:00,False,,,,,,,,,
craigslist,"Quiet, Remodeled Garden Apartment - Fantastic Location",,3295,1,1.0,https://www.craigslist.org/view/d/san-francisco-quiet-remodeled-garden/moTCQHM4RHER7AozFJWp47,37.7903440975881,-122.407333598739,San Francisco,2026-08-03T10:02:10.955728-07:00,True,,,,,,,,,
craigslist,1408 Shafter Ave,,2800,1,1.0,https://www.craigslist.org/view/d/san-francisco-1408-shafter-ave/CugxoZKM8RGCPJ0sl0gxaw,37.7292307002893,-122.387127096179,San Francisco,2026-08-03T10:02:10.955449-07:00,True,,,,,,,,,
craigslist,PACIFIC HEIGHTS-PERFECT Central Location,,3500,1,1.0,https://www.craigslist.org/view/d/san-francisco-pacific-heights-perfect/nh3RsExSqpzsM4vv8o9MyN,37.7966924699578,-122.423605600119,San Francisco,2026-08-03T10:02:10.955209-07:00,True,,,,,,,,,
craigslist,Stunning Nob Hill 1BR w/ Office,,4000,1,1.0,https://www.craigslist.org/view/d/san-francisco-stunning-nob-hill-1br/eawFnNSABjE8y1LvmnbjxE,37.7916997157313,-122.418600813779,San Francisco,2026-08-03T10:02:10.955151-07:00,True,,,,,,,,,
craigslist,Bright One Bedroom in Heart of Mission | Shared W/D,"Mission,Chill Mission",3750,1,1.0,https://www.craigslist.org/view/d/san-francisco-bright-one-bedroom-in/cnYGfxkGnFGzxkJ3QFLrvp,37.7566438659959,-122.414474944697,San Francisco,2026-08-03T10:02:10.953651-07:00,True,,,,,23.0,10.0,,69.0,"49, Yellow-N"
craigslist,"2915 Taraval Street, SF, 2-Bedroom 960 sqft",Way Out There,3600,2,1.0,https://www.craigslist.org/view/d/san-francisco-2915-taraval-street-sf/q4YX5hZ9ikCZrENsHCSxsU,37.7420953216627,-122.497270783835,San Francisco,2026-08-03T10:02:10.953208-07:00,True,,,,,38.0,12.0,,58.0,"29, 48, 49, 5R, L"
craigslist,"ID#685: Central Richmond, Remodeled 1BR/1BA Apt w/ Shared Garden",Way Out There,3800,1,1.0,https://www.craigslist.org/view/d/san-francisco-id685-central-richmond/3eYR2dP5qSbprcgr66RmWV,37.7856481354995,-122.487285275382,San Francisco,2026-08-03T10:02:10.953141-07:00,True,,,,,,,,,
craigslist,1BR/Nob Hill/Fi-Di/Laundry-equipped/Large Closets,,4295,1,1.0,https://www.craigslist.org/view/d/san-francisco-1br-nob-hill-fi-di/gJkZuE9zdJQuNvdRXZCgJ5,37.7908356953763,-122.408929286198,San Francisco,2026-08-03T10:02:10.950445-07:00,False,,,,,,,,,
craigslist,Stylishly Remodeled 1BR in the Heart of Nob Hill,,3595,1,1.0,https://www.craigslist.org/view/d/san-francisco-stylishly-remodeled-1br/cTSqFqFAFAfT1iDsGfvWXj,37.7884516179909,-122.414680063587,San Francisco,2026-08-03T10:02:10.949759-07:00,True,,,,,,,,,
craigslist,Luxury Jr 1 Bed Penthouse-level condo at the Palms! ~ J.Wavro,,4500,1,1.0,https://www.craigslist.org/view/d/san-francisco-luxury-jr-bed-penthouse/wwAXajtNaVycQ8fmK3MBu9,37.7783263078359,-122.396525322892,San Francisco,2026-08-03T10:02:10.949430-07:00,False,,,,,,,,,
craigslist,COMING SOON ~ WALKABLE MISSION 1BD 1BA W/OUTDOOR SPACE ~ W/D IN UNIT,,4095,1,1.0,https://www.craigslist.org/view/d/san-francisco-coming-soon-walkable/rsG4bGcVbB4KGatkw5EBAG,37.7697984040136,-122.423395324609,San Francisco,2026-08-03T10:02:10.949306-07:00,False,,,,,,,,,
craigslist,Executive and light-filled 1br,,4500,1,1.0,https://www.craigslist.org/view/d/san-francisco-executive-and-light/gAWXWtbAzhypm9pjAXsCh6,37.797399499877,-122.400104590238,San Francisco,2026-08-03T10:02:10.949114-07:00,False,,,,,,,,,
craigslist,1 bedroom floor plan at One Hawthorne! Impressive downtown views,,3275,1,1.0,https://www.craigslist.org/view/d/san-francisco-bedroom-floor-plan-at-one/tSTzNdqCWgBm5Qqi1ruve1,37.7858973721403,-122.399369485387,San Francisco,2026-08-03T10:02:10.949054-07:00,True,,,,,,,,,
craigslist,fully renovated garden-level one-bedroom apartnemt,Castro/Noe,4200,1,1.0,https://www.craigslist.org/view/d/san-francisco-fully-renovated-garden/6V4K7p6nGDoWBvJJY1ruvq,37.7586996385647,-122.433002107959,San Francisco,2026-08-03T10:02:10.948682-07:00,False,,,,,22.0,19.0,,86.0,"24, 33, 49, 5R, K, L, M"
craigslist,fully renovated garden-level one-bedroom apartnemt,Castro/Noe,4200,1,1.0,https://www.craigslist.org/view/d/san-francisco-fully-renovated-garden/6V4K7p6nGDoWBvJJY1ruvq,37.7586996385647,-122.433002107959,San Francisco,2026-08-03T10:02:10.948682-07:00,False,,,,,22.0,19.0,,86.0,"24, 33, 49, 5R, K, L, M"
craigslist,Private Master Bedroom with Ocean View and Private Bathroom,Way Out There,2350,1,1.0,https://www.craigslist.org/view/d/san-francisco-private-master-bedroom/as2Q5fjX46Us9RaXFAJcys,37.7377345398842,-122.503568162961,San Francisco,2026-08-03T10:02:10.948490-07:00,True,,,,,,,,,
craigslist,Cute Furnished Rental in Center of North Beach!!,,1020,1,,https://www.craigslist.org/view/d/san-francisco-cute-furnished-rental-in/rU9YGPprEG3nrhH1VRSQ4p,37.7964535465572,-122.40519990391,San Francisco,2026-08-03T10:02:10.948103-07:00,False,,,,,,,,,
craigslist,Garden view apartment,Way Out There,3200,2,1.0,https://www.craigslist.org/view/d/san-francisco-garden-view-apartment/tW8X7uoKzCYmkZRmCvN1Bm,37.7762052180784,-122.486601736733,San Francisco,2026-08-03T10:02:10.947796-07:00,True,,,,,32.0,6.0,,66.0,"31, 38, 38R, 5R"
craigslist,Garden view apartment,Way Out There,3200,2,1.0,https://www.craigslist.org/view/d/san-francisco-garden-view-apartment/tW8X7uoKzCYmkZRmCvN1Bm,37.7762052180784,-122.486601736733,San Francisco,2026-08-03T10:02:10.947796-07:00,True,,,,,32.0,6.0,,66.0,"31, 38, 38R, 5R"
craigslist,"Lower Nob Hill 1BR w/ Hardwood Floors, Updated Kitchen, On-Site Laundr",,2995,1,1.0,https://www.craigslist.org/view/d/san-francisco-lower-nob-hill-1br/fXWfw2UBfSgYBut1hAYTaP,37.7879359559753,-122.418696497731,San Francisco,2026-08-03T10:02:10.947354-07:00,True,,,,,,,,,
craigslist,Updated 1BR in Lower Nob Hill with Hardwood Floors & Shared Laundry,,3195,1,1.0,https://www.craigslist.org/view/d/san-francisco-updated-1br-in-lower-nob/cFaLDtdPBsCkQS8YXshMxv,37.7879359559753,-122.418696497731,San Francisco,2026-08-03T10:02:10.947293-07:00,True,,,,,,,,,
craigslist,North Beach Living!!,,1020,1,,https://www.craigslist.org/view/d/san-francisco-north-beach-living/vZfWs5PSrrobdGEH54Rr8r,37.7988611152123,-122.407047119841,San Francisco,2026-08-03T10:02:10.947039-07:00,False,,,,,,,,,
craigslist,Remodeled 2BR with In-Unit Laundry in Nob Hill – Pet Friendly,,4495,2,1.0,https://www.craigslist.org/view/d/san-francisco-remodeled-2br-with-in/hZUS1RC3X8KGiKb8Cf2p3e,37.78801788894,-122.413423567143,San Francisco,2026-08-03T10:02:10.946063-07:00,False,,,,,16.0,7.0,,82.0,"101, 2, 27, 38, 38R"
craigslist,Luxury One Bedroom with Views,,3995,1,1.0,https://www.craigslist.org/view/d/san-francisco-luxury-one-bedroom-with/ocohj5hknBzNurGFMw5M2U,37.7779229455481,-122.412562984534,San Francisco,2026-08-03T10:02:10.945628-07:00,True,,,,,,,,,
