title,neighborhoods,price,num_bedrooms,num_bathrooms,url,lat,lon,city,time_posted,source,bike_time_minutes,bike_station,bart_bike_time_minutes,bart_station
Cozy 2 BR/1.5 BA with Security Systems & Package Service,,3826,2,2.0,https://sfbay.craigslist.org/pen/apa/d/san-francisco-cozy-br-15-ba-with/7920243695.html,37.7072342775777,-122.415895880029,San Francisco,2026-03-10 04:20:55.452111+00:00,,,,,
"Retail, Back-lit LED mirrors, Pet spa",,5023,2,2.0,https://sfbay.craigslist.org/sfc/apa/d/san-francisco-retail-back-lit-led/7920239674.html,37.7724999000175,-122.414693814574,San Francisco,2026-03-10 04:20:55.452843+00:00,,,,,
Bright Corner 2 Bed / 2 Bath –  Brand New Modern Luxury Condo,,3990,2,2.0,https://sfbay.craigslist.org/sfc/apa/d/san-francisco-bright-corner-bed-bath/7920235420.html,37.7772743573241,-122.404067739307,San Francisco,2026-03-10 04:20:55.453434+00:00,,,,,
2844 Lyon #503 - Renovated 2x1 - Marina Area - Near Shops - WD in Unit,,5245,2,1.0,https://sfbay.craigslist.org/sfc/apa/d/san-francisco-2844-lyon-renovated-2x1/7920234993.html,37.7970001482938,-122.447082545774,San Francisco,2026-03-10 04:20:55.453957+00:00,,,,,
Lovely 2nd Floor 3 BRs 2 Baths Victorian Flat in Sunny Bernal Heights,Bernal,3600,3,2.0,https://sfbay.craigslist.org/sfc/apa/d/san-francisco-lovely-2nd-floor-brs/7920230890.html,37.7471665711072,-122.4141517965,San Francisco,2026-03-10 04:20:55.454663+00:00,,,,,
"REMODELED 3 BDRM/2 BATH APARTMENT FOR RENT, ONE BLOCK FROM CORTLAND",Bernal,5500,3,2.0,https://sfbay.craigslist.org/sfc/apa/d/san-francisco-remodeled-bdrm-bath/7918808799.html,37.7383487506406,-122.417139198444,San Francisco,2026-03-10 04:20:55.455256+00:00,,,,,
"Now Showing, Bicycle Parking, Pets Welcome, Washer and Dryer",,4379,2,1.0,https://sfbay.craigslist.org/sfc/apa/d/san-francisco-now-showing-bicycle/7920227083.html,37.7752730157458,-122.415909631016,San Francisco,2026-03-10 04:20:55.455823+00:00,,,,,
2BE/1BA ACROSS FROM LAFAYETTE PARK PACIFIC HEIGHTS,,5295,2,1.0,https://sfbay.craigslist.org/sfc/apa/d/san-francisco-2be-1ba-across-from/7920222246.html,37.7907606379051,-122.426715042073,San Francisco,2026-03-10 04:20:55.456420+00:00,,,,,
MARINA 2BE/1BA 2844 LYON ST LOCATION READY TO RENT,,5245,2,1.0,https://sfbay.craigslist.org/sfc/apa/d/san-francisco-marina-2be-1ba-2844-lyon/7920221673.html,37.7970001482938,-122.447082545774,San Francisco,2026-03-10 04:20:55.456936+00:00,,,,,
2BE/2BA 1290 20TH AVE INNER SUNSET BY GG PARK,Way Out There,5245,2,2.0,https://sfbay.craigslist.org/sfc/apa/d/san-francisco-2be-2ba-th-ave-inner/7920221342.html,37.7636683285638,-122.478201029541,San Francisco,2026-03-10 04:20:55.457451+00:00,,,,,
"We’ve found your next apartment, and it’s amazing! Available March 16",Haight/Cole Valley,4599,2,1.0,https://sfbay.craigslist.org/sfc/apa/d/san-francisco-weve-found-your-next/7919118870.html,37.7664380065453,-122.446208212178,San Francisco,2026-03-10 04:20:55.458013+00:00,,,,,
"We’ve found your next apartment, and it’s amazing! Available March 16",Haight/Cole Valley,4250,2,1.0,https://sfbay.craigslist.org/sfc/apa/d/san-francisco-weve-found-your-next/7914533323.html,37.7664380065453,-122.446208212178,San Francisco,2026-03-10 04:20:55.458536+00:00,,,,,
Mission/3201 23rd&South Van ness/W/D in unit/Den/Office/Top Floor!!!,Mission,3595,2,1.0,https://sfbay.craigslist.org/sfc/apa/d/san-francisco-mission-rdsouth-van-ness/7920216141.html,37.7539698719662,-122.416414979791,San Francisco,2026-03-10 04:20:55.459136+00:00,,,,,
"Expansive Windows w/ City Views, Bicycle Parking, Pet Park",,4379,2,1.0,https://sfbay.craigslist.org/sfc/apa/d/san-francisco-expansive-windows-city/7920215372.html,37.7752730157458,-122.415909631016,San Francisco,2026-03-10 04:20:55.459679+00:00,,,,,
Exclusive 3 BR Living-Roof Decks & Real-Time Transit Access,,5463,3,2.0,https://sfbay.craigslist.org/sfc/apa/d/san-francisco-exclusive-br-living-roof/7920214525.html,37.7236025358681,-122.43880445155,San Francisco,2026-03-10 04:20:55.460211+00:00,,,,,
Terrific Hayes Valley 2 bedroom flat,,3300,2,1.0,https://sfbay.craigslist.org/sfc/apa/d/san-francisco-terrific-hayes-valley/7918680542.html,37.7771001781544,-122.41770413483,San Francisco,2026-03-10 04:20:55.460781+00:00,,,,,
Sunny Top Floor 2BR | Inner Richmond | Walk to Clement & GGP,,3000,2,1.0,https://sfbay.craigslist.org/sfc/apa/d/san-francisco-sunny-top-floor-2br-inner/7920246445.html,37.7791662639635,-122.462477921728,San Francisco,2026-03-10 05:00:05.559660+00:00,craigslist,,,,
"Upstairs 3BR / 2BA Home for Rent – $5,000 – Bright, Well-Maintained, M",,5000,3,2.0,https://sfbay.craigslist.org/sfc/apa/d/san-francisco-upstairs-3br-2ba-home-for/7920261742.html,37.7150614540165,-122.408901784224,San Francisco,2026-03-10 11:00:05.515150+00:00,craigslist,,,,
"SoMa Life, Roof View Fire Pits, Grills, Stainless Steel Appliances",,4379,2,1.0,https://sfbay.craigslist.org/sfc/apa/d/san-francisco-soma-life-roof-view-fire/7920248462.html,37.7752730157458,-122.415909631016,San Francisco,2026-03-10 11:00:05.516052+00:00,craigslist,,,,
Bright Mission District 2BR with In-Unit Laundry – Small Pets Welcome,Mission,4895,2,1.0,https://sfbay.craigslist.org/sfc/apa/d/san-francisco-bright-mission-district/7919896164.html,37.7557970343748,-122.416592596707,San Francisco,2026-03-10 17:00:06.304418+00:00,craigslist,,,,
Spacious 2BR Apartment with Private Yard – Pet Friendly,Castro/Noe,4995,2,1.0,https://sfbay.craigslist.org/sfc/apa/d/san-francisco-spacious-2br-apartment/7919804465.html,37.7656593569018,-122.431283234574,San Francisco,2026-03-10 17:00:06.305133+00:00,craigslist,,,,
Stylish 2BR with Open Floor Plan!,,4195,2,1.0,https://sfbay.craigslist.org/sfc/apa/d/san-francisco-stylish-2br-with-open/7919754439.html,37.788465368978,-122.414584379636,San Francisco,2026-03-10 17:00:06.305680+00:00,craigslist,,,,
Spacious 2BR Apartment Near Union Square with In-Unit Laundry,,4495,2,1.0,https://sfbay.craigslist.org/sfc/apa/d/san-francisco-spacious-2br-apartment/7919753009.html,37.7907262604374,-122.408901784224,San Francisco,2026-03-10 17:00:06.306207+00:00,craigslist,,,,
Bright 2BR with Views in Prime Noe Valley,,4995,2,1.0,https://sfbay.craigslist.org/sfc/apa/d/san-francisco-bright-2br-with-views-in/7917877791.html,37.7453909749001,-122.433517769975,San Francisco,2026-03-10 17:00:06.306779+00:00,craigslist,,,,
2BR with Views in Desirable Noe Valley,,5195,2,1.0,https://sfbay.craigslist.org/sfc/apa/d/san-francisco-2br-with-views-in/7917877322.html,37.7453909749001,-122.433517769975,San Francisco,2026-03-10 17:00:06.307349+00:00,craigslist,,,,
Charming 2BR Flat in Prime Noe Valley with Views,,4995,2,1.0,https://sfbay.craigslist.org/sfc/apa/d/san-francisco-charming-2br-flat-in/7917876729.html,37.7454385303971,-122.433517769975,San Francisco,2026-03-10 17:00:06.307884+00:00,craigslist,,,,
Bright 2BR with In-Unit Laundry & Views in Prime Noe Valley,,5395,2,1.0,https://sfbay.craigslist.org/sfc/apa/d/san-francisco-bright-2br-with-in-unit/7917876542.html,37.7454385303971,-122.433517769975,San Francisco,2026-03-10 17:00:06.308420+00:00,craigslist,,,,
"Remodeled Nob Hill 2BR (Option 3BR) – In-Unit Laundry & Dishwasher, Pe",,5495,2,1.0,https://sfbay.craigslist.org/sfc/apa/d/san-francisco-remodeled-nob-hill-2br/7917543186.html,37.7916280960069,-122.419824078672,San Francisco,2026-03-10 17:00:06.308927+00:00,craigslist,,,,
Remodeled 2BD/2BA with In-Unit Laundry – Pet Friendly,Duboce,5595,2,2.0,https://sfbay.craigslist.org/sfc/apa/d/san-francisco-remodeled-2bd-2ba-with-in/7917541812.html,37.7728654470908,-122.433968687759,San Francisco,2026-03-10 17:00:06.309439+00:00,craigslist,,,,
Bright 2BD/1BA on Divisadero | In-Unit Laundry | Pet Friendly,Duboce,4995,2,1.0,https://sfbay.craigslist.org/sfc/apa/d/san-francisco-bright-2bd-1ba-on/7916296029.html,37.7703415680034,-122.436850665469,San Francisco,2026-03-10 17:00:06.309971+00:00,craigslist,,,,
Remodeled 2 BR with Laundry in Unit!,,4995,2,1.0,https://sfbay.craigslist.org/sfc/apa/d/san-francisco-remodeled-br-with-laundry/7915987603.html,37.7929630876695,-122.41652441473,San Francisco,2026-03-10 17:00:06.310483+00:00,craigslist,,,,
2-bed 1-bath apartment features hardwood floors,,3895,2,1.0,https://sfbay.craigslist.org/sfc/apa/d/san-francisco-bed-bath-apartment/7915979139.html,37.7781824954293,-122.407412666914,San Francisco,2026-03-10 17:00:06.310982+00:00,craigslist,,,,
Remodeled 2 BR x 1 Bath with Laundry in Unit,Mission,5295,2,1.0,https://sfbay.craigslist.org/sfc/apa/d/san-francisco-remodeled-br-1-bath-with/7914707866.html,37.7611753891973,-122.423764309429,San Francisco,2026-03-10 17:00:06.311521+00:00,craigslist,,,,
3BR/2BA Near Union Square,,4295,3,2.0,https://sfbay.craigslist.org/sfc/apa/d/san-francisco-3br-2ba-near-union-square/7914482636.html,37.7897018118998,-122.415444962244,San Francisco,2026-03-10 17:00:06.312136+00:00,craigslist,,,,
"Large 2 bedroom, hardwood floors, gas eat in kitchen, nice views",Way Out There,3750,2,1.0,https://sfbay.craigslist.org/sfc/apa/d/san-francisco-large-bedroom-hardwood/7920317408.html,37.7643616074959,-122.501901428735,San Francisco,2026-03-10 17:00:06.312689+00:00,craigslist,,,,
Well maintained 3BD & 2BR for rent,,4198,3,2.0,https://sfbay.craigslist.org/sfc/apa/d/san-francisco-well-maintained-3bd-2br/7914356088.html,37.7195013039708,-122.441099147519,San Francisco,2026-03-10 17:00:06.313279+00:00,craigslist,,,,
"Now Showing, Expansive Windows w/ City Views, Gated",,4379,2,1.0,https://sfbay.craigslist.org/sfc/apa/d/san-francisco-now-showing-expansive/7920315026.html,37.7752730157458,-122.415909631016,San Francisco,2026-03-10 17:00:06.313797+00:00,craigslist,,,,
Exclusive 3 BR with In-Unit Laundry & Community Pizza Oven,,5018,3,2.0,https://sfbay.craigslist.org/sfc/apa/d/san-francisco-exclusive-br-with-in-unit/7920314573.html,37.7236025358681,-122.43880445155,San Francisco,2026-03-10 17:00:06.314313+00:00,craigslist,,,,
Two Bedroom near the Presidio!,,4495,2,1.0,https://sfbay.craigslist.org/sfc/apa/d/san-francisco-two-bedroom-near-the/7920313758.html,37.7864130341559,-122.460374020704,San Francisco,2026-03-10 17:00:06.314865+00:00,craigslist,,,,
Pristine 3BR Single Family Home | 2 Decks w/ Bay Views | Garage + W/D,,5250,3,3.0,https://sfbay.craigslist.org/sfc/apa/d/san-francisco-pristine-3br-single/7916295457.html,37.7257757647849,-122.419228775523,San Francisco,2026-03-10 17:00:06.316041+00:00,craigslist,,,,
Updated Top Floor Flat with W/D in Unit,Way Out There,4395,4,2.0,https://sfbay.craigslist.org/sfc/apa/d/san-francisco-updated-top-floor-flat/7916294194.html,37.7820041239226,-122.485331489301,San Francisco,2026-03-10 17:00:06.316575+00:00,craigslist,,,,
Single Family Home in Great Location!,,5000,2,1.0,https://sfbay.craigslist.org/sfc/apa/d/san-francisco-single-family-home-in/7916294109.html,37.7126550312771,-122.432001723649,San Francisco,2026-03-10 17:00:06.317082+00:00,craigslist,,,,
Top Floor Three Bedroom Right Off Clement!,,5250,3,3.0,https://sfbay.craigslist.org/sfc/apa/d/san-francisco-top-floor-three-bedroom/7916294040.html,37.7839063438024,-122.467709599355,San Francisco,2026-03-10 17:00:06.317585+00:00,craigslist,,,,
"2 br,  1bath  Jordan Pk, corner, fplc, hardwood, great kit, prk avail",,5295,2,1.0,https://sfbay.craigslist.org/sfc/apa/d/san-francisco-br-1bath-jordan-pk-corner/7915660718.html,37.7797982364115,-122.456016676673,San Francisco,2026-03-10 17:00:06.318153+00:00,craigslist,,,,
"Pet Park, Roof View Fire Pits, Grills, Gated, SoMa Life",,4379,2,1.0,https://sfbay.craigslist.org/sfc/apa/d/san-francisco-pet-park-roof-view-fire/7920295121.html,37.7752730157458,-122.415909631016,San Francisco,2026-03-10 17:00:06.318777+00:00,craigslist,,,,
Stage 1075 | Furnished 2BR/2BA in Boutique Style Building,,4990,2,2.0,https://sfbay.craigslist.org/sfc/apa/d/san-francisco-stage-furnished-2br-2ba/7920420632.html,37.7813927779552,-122.41136091908,San Francisco,2026-03-10 23:00:04.716725+00:00,craigslist,,,,
"EV Charging, Roof View Fire Pits, Grills, Now Showing, Pet Park",,4379,2,1.0,https://sfbay.craigslist.org/sfc/apa/d/san-francisco-ev-charging-roof-view/7920419501.html,37.7752730157458,-122.415909631016,San Francisco,2026-03-10 23:00:04.717431+00:00,craigslist,,,,
TMLP 15-mo. | Limited Availability! Upgraded 2 BR/2 BA-Reserve Your Spot,,5229,2,2.0,https://sfbay.craigslist.org/sfc/apa/d/san-francisco-tmlp-15-mo-limited/7920414962.html,37.7831689471201,-122.432684689341,San Francisco,2026-03-10 23:00:04.718095+00:00,craigslist,,,,
Potrero Hill 2 bed/2 bath- PKG available.,Potrero Hill,4395,2,2.0,https://sfbay.craigslist.org/sfc/apa/d/san-francisco-potrero-hill-bed-bath-pkg/7915831994.html,37.7621012889942,-122.397099426603,San Francisco,2026-03-10 23:00:04.718720+00:00,craigslist,,,,
"2/bd 1/ba, Wood-Style Flooring, Energy-Efficient Appliances",,2390,2,1.0,https://sfbay.craigslist.org/sfc/apa/d/san-francisco-bd-ba-wood-style-flooring/7916226922.html,37.7893122005991,-122.39238627578,San Francisco,2026-03-10 23:00:04.719355+00:00,craigslist,,,,
"Cow Hollow - Updated 2 beds, 2 baths. PKG available",,4895,2,2.0,https://sfbay.craigslist.org/sfc/apa/d/san-francisco-cow-hollow-updated-beds/7920411727.html,37.8003296060411,-122.425037994607,San Francisco,2026-03-10 23:00:04.719924+00:00,craigslist,,,,
"On-Site Laundry, Building surveillance, Bicycle rack",,4295,3,1.0,https://sfbay.craigslist.org/sfc/apa/d/san-francisco-on-site-laundry-building/7920411363.html,37.7806519435262,-122.404762737112,San Francisco,2026-03-10 23:00:04.720477+00:00,craigslist,,,,
New construction Brand-New Luxury New Building Unit in SOMA,,4500,2,2.0,https://sfbay.craigslist.org/sfc/apa/d/san-francisco-new-construction-brand/7920398861.html,37.7773184750743,-122.404125035086,San Francisco,2026-03-10 23:00:04.721063+00:00,craigslist,,,,
"Stunning 2 BR/2.5 BA with Spacious Floorplan, Apply Now",,3981,2,3.0,https://sfbay.craigslist.org/pen/apa/d/san-francisco-stunning-br-25-ba-with/7920402876.html,37.7072342775777,-122.415895880029,San Francisco,2026-03-10 23:00:04.722249+00:00,craigslist,,,,
"GORGEOUS TOP FLOOR, TWO BED FLAT IN THE HEART OF LAUREL VILLAGE!!!",,3950,2,1.0,https://sfbay.craigslist.org/sfc/apa/d/san-francisco-gorgeous-top-floor-two/7920401400.html,37.7877485987763,-122.448612343087,San Francisco,2026-03-10 23:00:04.722838+00:00,craigslist,,,,
PRE-MARKET LATE APRIL MOVE IN ~ NOB HILL 2BD 2BA ~ W/D IN UNIT,,4895,2,2.0,https://sfbay.craigslist.org/sfc/apa/d/san-francisco-pre-market-late-april/7920399536.html,37.7941995305913,-122.414106532834,San Francisco,2026-03-10 23:00:04.723430+00:00,craigslist,,,,
Above & Beyond Amenities! 2 BR Steps From Golden Gate Park,,5499,2,1.0,https://sfbay.craigslist.org/sfc/apa/d/san-francisco-above-beyond-amenities-br/7920390605.html,37.7595395946923,-122.462860084577,San Francisco,2026-03-10 23:00:04.724053+00:00,craigslist,,,,
Spacious and Bright Floor Plans just 1 from Alamo Square Park!,Duboce,4395,2,1.0,https://sfbay.craigslist.org/sfc/apa/d/san-francisco-spacious-and-bright-floor/7919407623.html,37.7736062815198,-122.433640955901,San Francisco,2026-03-10 23:00:04.724619+00:00,craigslist,,,,
"Flex zen spaces, Luxury wood-style vinyl plank flooring",,3639,2,2.0,https://sfbay.craigslist.org/sfc/apa/d/san-francisco-flex-zen-spaces-luxury/7920391457.html,37.7816185233265,-122.412125817737,San Francisco,2026-03-10 23:00:04.725712+00:00,craigslist,,,,
"Bicycle Parking, Stainless Steel Appliances, Pet Park",,4379,2,1.0,https://sfbay.craigslist.org/sfc/apa/d/san-francisco-bicycle-parking-stainless/7920386562.html,37.7752730157458,-122.415909631016,San Francisco,2026-03-10 23:00:04.726290+00:00,craigslist,,,,
"Stainless Steel Appliances, 360 View Rooftop Deck, Pets Welcome",,4379,2,1.0,https://sfbay.craigslist.org/sfc/apa/d/san-francisco-stainless-steel/7920462703.html,37.7752730157458,-122.415909631016,San Francisco,2026-03-11 05:00:05.583475+00:00,craigslist,,,,
"Upstairs 3BR / 2BA Home for Rent – $5,000 – Bright, Well-Maintained, M",,5000,3,2.0,https://sfbay.craigslist.org/sfc/apa/d/san-francisco-upstairs-3br-2ba-home-for/7920462193.html,37.7150614540165,-122.408901784224,San Francisco,2026-03-11 05:00:05.584239+00:00,craigslist,,,,
Remodeled and large 2+ BR  Loft in Rincon Hill area/ DECK & PKG AVL,,4195,2,2.0,https://sfbay.craigslist.org/sfc/apa/d/san-francisco-remodeled-and-large-br/7920445384.html,37.7863992831688,-122.389203495228,San Francisco,2026-03-11 05:00:05.584951+00:00,craigslist,,,,
"Expansive Windows w/ City Views, 360 View Rooftop Deck, Gated",,4379,2,1.0,https://sfbay.craigslist.org/sfc/apa/d/san-francisco-expansive-windows-city/7920446773.html,37.7752730157458,-122.415909631016,San Francisco,2026-03-11 05:00:05.585535+00:00,craigslist,,,,
"Bright Top-Floor 2BR w/ Ocean & Sunset Views | 1,465 Sq Ft | Inner Sun",Way Out There,4950,2,,https://sfbay.craigslist.org/sfc/apa/d/san-francisco-bright-top-floor-2br/7920444613.html,37.7549805695167,-122.474369660765,San Francisco,2026-03-11 05:00:05.586181+00:00,craigslist,,,,
"OPEN SUN 3:30pm-4:00pm 3BR/Split BA,W/D, Shared Yard (144 10th Avenue)",,4995,3,,https://sfbay.craigslist.org/sfc/apa/d/san-francisco-open-sun-330pm-400pm-3br/7920443842.html,37.7856481354995,-122.468911664809,San Francisco,2026-03-11 05:00:05.586782+00:00,craigslist,,,,
Beautiful Vibrant and Pristine 2 Bed / 2 Bath in Prime Pacific Heights,,4995,2,2.0,https://sfbay.craigslist.org/sfc/apa/d/san-francisco-beautiful-vibrant-and/7920433215.html,37.790609950005,-122.430812836224,San Francisco,2026-03-11 05:00:05.587474+00:00,craigslist,,,,
"Pet Park, Washer and Dryer, Bicycle Parking, Great Location",,4379,2,1.0,https://sfbay.craigslist.org/sfc/apa/d/san-francisco-pet-park-washer-and-dryer/7920435570.html,37.7752730157458,-122.415909631016,San Francisco,2026-03-11 05:00:05.588202+00:00,craigslist,,,,
Mission/3201 23rd&South Van ness/W/D in unit/Den/Office/Top Floor!!!,Mission,3595,2,1.0,https://sfbay.craigslist.org/sfc/apa/d/san-francisco-mission-rdsouth-van-ness/7920429647.html,37.7539698719662,-122.416414979791,San Francisco,2026-03-11 05:00:05.588918+00:00,craigslist,,,,
Mission/3201 23rd&South Van ness/W/D in unit/Den/Office/Coming Soon!,Mission,3695,2,1.0,https://sfbay.craigslist.org/sfc/apa/d/san-francisco-mission-rdsouth-van-ness/7920428433.html,37.7539698719662,-122.416414979791,San Francisco,2026-03-11 05:00:05.589486+00:00,craigslist,,,,
Stunning Top-Floor 2BR/1.5BA Noe Valley Victorian,Castro/Noe,2170,2,2.0,https://sfbay.craigslist.org/sfc/apa/d/san-francisco-stunning-top-floor-2br/7920480368.html,37.7584400886835,-122.436973851395,San Francisco,2026-03-11 11:00:05.518481+00:00,craigslist,,,,
Craftsman _ 2 Beds - 1Bath 1919 Inner Sunset 24ft Tandem Garage Sunroo,Way Out There,3450,2,1.0,https://sfbay.craigslist.org/sfc/apa/d/san-francisco-craftsman-beds-1bath-1919/7920478645.html,37.7588875687215,-122.483719759024,San Francisco,2026-03-11 11:00:05.519283+00:00,craigslist,,,,
Stunningly Remodeled 3BR Home w/ Gated 2-Car Parking,Duboce,3250,3,2.0,https://sfbay.craigslist.org/sfc/apa/d/san-francisco-stunningly-remodeled-3br/7920478930.html,37.7657825428278,-122.436140770761,San Francisco,2026-03-11 11:00:05.519913+00:00,craigslist,,,,
Schedule your tour today,,3800,2,2.0,https://sfbay.craigslist.org/sfc/apa/d/san-francisco-schedule-your-tour-today/7916786564.html,37.7210992832613,-122.475400984796,San Francisco,2026-03-11 11:00:05.521165+00:00,craigslist,,,,
Beautiful  2 bedroom also a bonus room off of the kitchen,,2900,2,1.0,https://sfbay.craigslist.org/sfc/apa/d/san-francisco-beautiful-bedroom-also/7920532501.html,37.7916997157313,-122.418600813779,San Francisco,2026-03-11 17:00:04.672778+00:00,craigslist,,,,
"Retail on First Floor, Community Room, Rooftop Deck",,2390,2,1.0,https://sfbay.craigslist.org/sfc/apa/d/san-francisco-retail-on-first-floor/7917816651.html,37.7893122005991,-122.39238627578,San Francisco,2026-03-11 17:00:04.673501+00:00,craigslist,,,,
"Remodeled, New H/W (306 20th Avenue)",Way Out There,4895,3,2.0,https://sfbay.craigslist.org/sfc/apa/d/san-francisco-remodeled-new-w-th-avenue/7920544174.html,37.7821439256246,-122.479512529934,San Francisco,2026-03-11 17:00:04.674149+00:00,craigslist,,,,
"Building surveillance, On-Site Laundry",,4295,3,1.0,https://sfbay.craigslist.org/sfc/apa/d/san-francisco-building-surveillance-on/7919351612.html,37.7806519435262,-122.404762737112,San Francisco,2026-03-11 17:00:04.674816+00:00,craigslist,,,,
Multi Level Loft Townhouse with attached garage,,4995,2,1.0,https://sfbay.craigslist.org/sfc/apa/d/san-francisco-multi-level-loft/7920540158.html,37.7799517891006,-122.402303602255,San Francisco,2026-03-11 17:00:04.675427+00:00,craigslist,,,,
Quaint North Beach Apt 2nd Floor,,3400,2,1.0,https://sfbay.craigslist.org/sfc/apa/d/san-francisco-quaint-north-beach-apt/7920526827.html,37.7996397648558,-122.407891086673,San Francisco,2026-03-11 17:00:04.676023+00:00,craigslist,,,,
"EV Charging, 360 View Rooftop Deck, Expansive Windows w/ City Views",,4379,2,1.0,https://sfbay.craigslist.org/sfc/apa/d/san-francisco-ev-charging-360-view/7920535549.html,37.7752730157458,-122.415909631016,San Francisco,2026-03-11 17:00:04.676589+00:00,craigslist,,,,
Luxurious 2 BR/1.5 BA Retreat with Fitness Center Access,,3826,2,2.0,https://sfbay.craigslist.org/pen/apa/d/san-francisco-luxurious-br-15-ba/7920532308.html,37.7072342775777,-122.415895880029,San Francisco,2026-03-11 17:00:04.677237+00:00,craigslist,,,,
"Must-See 2 BR Apt-Fitness Deck, Pizza Ovens, EV Parking!",,4131,2,2.0,https://sfbay.craigslist.org/sfc/apa/d/san-francisco-must-see-br-apt-fitness/7920531820.html,37.7236025358681,-122.43880445155,San Francisco,2026-03-11 17:00:04.677797+00:00,craigslist,,,,
Noe Valley 2 Bedroom with Parking!,Castro/Noe,4295,2,1.0,https://sfbay.craigslist.org/sfc/apa/d/san-francisco-noe-valley-bedroom-with/7920529662.html,37.7473373125301,-122.43284855527,San Francisco,2026-03-11 17:00:04.678393+00:00,craigslist,,,,
"2 Bed, 1 Bath Townhome Apartment with Beautiful View! Unit GO421",,3600,2,1.0,https://sfbay.craigslist.org/sfc/apa/d/san-francisco-bed-bath-townhome/7920523341.html,37.7160721515671,-122.477381126936,San Francisco,2026-03-11 17:00:04.678962+00:00,craigslist,,,,
"2 Bed, 1 Bath Townhome Apartment with Beautiful View! Unit BU024",,3325,2,1.0,https://sfbay.craigslist.org/sfc/apa/d/san-francisco-bed-bath-townhome/7920522520.html,37.7176844548025,-122.478979679185,San Francisco,2026-03-11 17:00:04.679537+00:00,craigslist,,,,
"Gated, Now Showing, SoMa Life, Expansive Windows w/ City Views",,4379,2,1.0,https://sfbay.craigslist.org/sfc/apa/d/san-francisco-gated-now-showing-soma/7920514697.html,37.7752730157458,-122.415909631016,San Francisco,2026-03-11 17:00:04.680150+00:00,craigslist,,,,
One Block To Dolores Park/Noe Valley,Mission,3200,2,1.0,https://sfbay.craigslist.org/sfc/apa/d/san-francisco-one-block-to-dolores-park/7920509519.html,37.7583650312124,-122.42349100856,San Francisco,2026-03-11 17:00:04.680718+00:00,craigslist,,,,
"Gorgeous 2 BR/1.5 BA with Hardwood Floors, Must-See!",,3886,2,2.0,https://sfbay.craigslist.org/pen/apa/d/san-francisco-gorgeous-br-15-ba-with/7920578631.html,37.7072342775777,-122.415895880029,San Francisco,2026-03-11 18:58:06.863306+00:00,craigslist,,,,
"Now Showing, Bicycle Parking, Washer and Dryer",,4379,2,1.0,https://sfbay.craigslist.org/sfc/apa/d/san-francisco-now-showing-bicycle/7920576986.html,37.7752730157458,-122.415909631016,San Francisco,2026-03-11 18:58:06.864058+00:00,craigslist,,,,
"Modern City Living at 956 Post St #302 – Sleek Finishes, Shared Laundr",,3395,2,1.0,https://sfbay.craigslist.org/sfc/apa/d/san-francisco-modern-city-living-at-956/7915784072.html,37.7871303773154,-122.417548863267,San Francisco,2026-03-11 18:58:06.864720+00:00,craigslist,,,,
140 20th Ave #106 - Lovely 2x1 - Updated & New - WD in Unit - Pets OK,Way Out There,4200,2,1.0,https://sfbay.craigslist.org/sfc/apa/d/san-francisco-th-ave-lovely-2x1-updated/7920562233.html,37.7852247196889,-122.479730826854,San Francisco,2026-03-11 18:58:06.865485+00:00,craigslist,,,,
"Elevate Your Lifestyle, Elevator Building, A Must See",,3593,2,2.0,https://sfbay.craigslist.org/pen/apa/d/san-francisco-elevate-your-lifestyle/7920556345.html,37.7072342775777,-122.415895880029,San Francisco,2026-03-11 18:58:06.866131+00:00,craigslist,,,,
"3 Bedroom, 3 Bath Townhome in Parkmerced! Unit GR105",,4770,3,2.0,https://sfbay.craigslist.org/sfc/apa/d/san-francisco-bedroom-bath-townhome-in/7920554263.html,37.7162463307368,-122.479307411044,San Francisco,2026-03-11 18:58:06.866767+00:00,craigslist,,,,
3BR Townhome Community in Parkmerced! Unit CR050,,4790,3,2.0,https://sfbay.craigslist.org/sfc/apa/d/san-francisco-3br-townhome-community-in/7920554100.html,37.7200204037331,-122.476097128518,San Francisco,2026-03-11 18:58:06.867366+00:00,craigslist,,,,
Private Patio and Spacious Living Spaces! Unit CM070,,4695,3,2.0,https://sfbay.craigslist.org/sfc/apa/d/san-francisco-private-patio-and/7920553966.html,37.718001873421,-122.474471647253,San Francisco,2026-03-11 18:58:06.867935+00:00,craigslist,,,,
2-Bedroom with In-Unit Washer/Dryer : 880 26th Ave Unit 4,Way Out There,5000,2,1.0,https://sfbay.craigslist.org/sfc/apa/d/san-francisco-bedroom-with-in-unit/7920543029.html,37.772862009344,-122.485290809298,San Francisco,2026-03-11 18:58:06.868587+00:00,craigslist,,,,
140 20th Avenue Owner LP - 106,Way Out There,4200,2,1.0,https://sfbay.craigslist.org/sfc/apa/d/san-francisco-th-avenue-owner-lp-106/7920637271.html,37.7852247196889,-122.479730826854,San Francisco,2026-03-11 23:00:04.697135+00:00,craigslist,29.0,,,
"SoMa Life, Pet Park, Now Showing, Washer and Dryer",,4379,2,1.0,https://sfbay.craigslist.org/sfc/apa/d/san-francisco-soma-life-pet-park-now/7920635832.html,37.7752730157458,-122.415909631016,San Francisco,2026-03-11 23:00:04.697874+00:00,craigslist,,,,
Walk to Beach /Upstairs/Tall Ceiling/Laundry /Central Heat,Way Out There,2500,2,1.0,https://sfbay.craigslist.org/sfc/apa/d/san-francisco-walk-to-beach-upstairs/7920629171.html,37.7436423077095,-122.504756477428,San Francisco,2026-03-11 23:00:04.698518+00:00,craigslist,50.0,,,
TMLP 15-mo. | Must-See! Expansive Living & Meticulous Gardens Await You,,5229,2,2.0,https://sfbay.craigslist.org/sfc/apa/d/san-francisco-tmlp-15-mo-must-see/7920631681.html,37.7831689471201,-122.432684689341,San Francisco,2026-03-11 23:00:04.699202+00:00,craigslist,,,,
"3D Virtual Tour - 2 BR, 1 BA Condo 750 Sq. Ft. - In-Unit Washer/Dryer",,4450,2,1.0,https://sfbay.craigslist.org/sfc/apa/d/san-francisco-3d-virtual-tour-br-ba/7920631511.html,37.7879875221768,-122.418300010937,San Francisco,2026-03-11 23:00:04.699806+00:00,craigslist,,,,
"Impeccable 2 BR/2.5 BA with Lounge & Sun Deck, Apply Now",,3981,2,3.0,https://sfbay.craigslist.org/pen/apa/d/san-francisco-impeccable-br-25-ba-with/7920626856.html,37.7072342775777,-122.415895880029,San Francisco,2026-03-11 23:00:04.700451+00:00,craigslist,,,,
"Convenient location, 2/1 new flooring, kitchen, paint!  Off Street!",,2895,2,1.0,https://sfbay.craigslist.org/sfc/apa/d/san-francisco-convenient-location-1-new/7920618737.html,37.7899510485407,-122.410427570832,San Francisco,2026-03-11 23:00:04.701002+00:00,craigslist,,,,
2BR/2BA Apartment  $3800,,3800,2,2.0,https://sfbay.craigslist.org/sfc/apa/d/san-francisco-2br-2ba-apartment-3800/7920624371.html,37.7812014100517,-122.461398469242,San Francisco,2026-03-11 23:00:04.701613+00:00,craigslist,,,,
"Tesla rental available on site, Thoughtfully designed interiors",,4210,2,2.0,https://sfbay.craigslist.org/sfc/apa/d/san-francisco-tesla-rental-available-on/7920621383.html,37.7816185233265,-122.412125817737,San Francisco,2026-03-11 23:00:04.702915+00:00,craigslist,,,,
Affordable Housing in San Francisco - Application Deadline February 17,,4350,2,1.0,https://sfbay.craigslist.org/sfc/apa/d/san-francisco-affordable-housing-in-san/7915818859.html,37.7810478573626,-122.435307117169,San Francisco,2026-03-11 23:00:04.703613+00:00,craigslist,,,,
Experience the Best of SF Living with Nearby Parks and Amenities!,Duboce,4395,2,1.0,https://sfbay.craigslist.org/sfc/apa/d/san-francisco-experience-the-best-of-sf/7920681585.html,37.7737191542055,-122.434148023549,San Francisco,2026-03-12 05:00:05.084359+00:00,craigslist,15.0,,,
Spacious 2 Bedrooms near Alamo Square park! 1 MONTH FREE!,Duboce,4795,2,1.0,https://sfbay.craigslist.org/sfc/apa/d/san-francisco-spacious-bedrooms-near/7920681541.html,37.7753939098405,-122.437872249217,San Francisco,2026-03-12 05:00:05.085083+00:00,craigslist,17.0,,,
Charming 2-BR Unit just Steps away from Sutter Fine Foods!,,4495,2,1.0,https://sfbay.craigslist.org/sfc/apa/d/san-francisco-charming-br-unit-just/7920681537.html,37.7882774388212,-122.416059745958,San Francisco,2026-03-12 05:00:05.085669+00:00,craigslist,,,,
"Amazing 2 Bedroom Near Restaurants, Cafes, and 101 Freeway",Mission,4495,2,1.0,https://sfbay.craigslist.org/sfc/apa/d/san-francisco-amazing-bedroom-near/7920681534.html,37.7686988980048,-122.423231458679,San Francisco,2026-03-12 05:00:05.086232+00:00,craigslist,11.0,,,
Bright Remodeled 2bd w/ Shared Yard! Must See!  ~ J.Wavro,Mission,3750,2,1.0,https://sfbay.craigslist.org/sfc/apa/d/san-francisco-bright-remodeled-2bd/7920673368.html,37.7571010863164,-122.417808413149,San Francisco,2026-03-12 05:00:05.086910+00:00,craigslist,12.0,,,
Single Family Home,Way Out There,4150,3,1.0,https://sfbay.craigslist.org/sfc/apa/d/san-francisco-single-family-home/7920664078.html,37.7593006712918,-122.483594281266,San Francisco,2026-03-12 05:00:05.088168+00:00,craigslist,30.0,,,
500 Stanyan #106 - Beautiful 2x1 - Pets OK - Private - Great Area,NOPA/Inner Richmond,5345,2,1.0,https://sfbay.craigslist.org/sfc/apa/d/san-francisco-500-stanyan-beautiful-2x1/7920662278.html,37.7728963868117,-122.454281760469,San Francisco,2026-03-12 05:00:05.088749+00:00,craigslist,21.0,,,
"Stainless Steel Appliances, Roof View Fire Pits, Grills, Pets Welcome",,4379,2,1.0,https://sfbay.craigslist.org/sfc/apa/d/san-francisco-stainless-steel/7920661610.html,37.7752730157458,-122.415909631016,San Francisco,2026-03-12 05:00:05.089284+00:00,craigslist,,,,
Glen Park entire house for rent - walking to the BART- showing Sat.,,3600,2,1.0,https://sfbay.craigslist.org/sfc/apa/d/san-francisco-glen-park-entire-house/7917742274.html,37.7327108459368,-122.435307117169,San Francisco,2026-03-12 05:00:05.089810+00:00,craigslist,,,,
"Bike storage, Situated in San Francisco!, 2 Bed",,5023,2,2.0,https://sfbay.craigslist.org/sfc/apa/d/san-francisco-bike-storage-situated-in/7920658564.html,37.7724999000175,-122.414693814574,San Francisco,2026-03-12 05:00:05.090358+00:00,craigslist,,,,
"Effortless Living: 3 BR w/ EV Charging, Bike Storage & More",,5018,3,2.0,https://sfbay.craigslist.org/sfc/apa/d/san-francisco-effortless-living-br-ev/7920653737.html,37.7236025358681,-122.43880445155,San Francisco,2026-03-12 05:00:05.090975+00:00,craigslist,,,,
"Gated, EV Charging, Washer and Dryer, Mid-Market, Pets Ok!",,4379,2,1.0,https://sfbay.craigslist.org/sfc/apa/d/san-francisco-gated-ev-charging-washer/7920651102.html,37.7752730157458,-122.415909631016,San Francisco,2026-03-12 05:00:05.091638+00:00,craigslist,,,,
"Single-Family 2BD _ 1BA Potrero Home with Hardwood Floors, Built 1948",Potrero Hill,3620,2,1.0,https://sfbay.craigslist.org/sfc/apa/d/san-francisco-single-family-2bd-1ba/7920691714.html,37.7596043389232,-122.403265598393,San Francisco,2026-03-12 11:00:04.772464+00:00,craigslist,8.0,,,
MODERN 2BR/1BA in HEART OF SF!,,3200,2,1.0,https://sfbay.craigslist.org/sfc/apa/d/san-francisco-modern-2br-1ba-in-heart/7918659907.html,37.7843228841194,-122.431550805864,San Francisco,2026-03-12 11:00:04.774179+00:00,craigslist,,,,
"Great Location, EV Charging, Expansive Windows w/ City Views, Gated",,4379,2,1.0,https://sfbay.craigslist.org/sfc/apa/d/san-francisco-great-location-ev/7920684002.html,37.7752730157458,-122.415909631016,San Francisco,2026-03-12 11:00:04.774753+00:00,craigslist,,,,
Upcoming -  Perfect Jr 2BR  – Hardwood Floors + Great View  - #603,,2495,2,1.0,https://sfbay.craigslist.org/sfc/apa/d/san-francisco-upcoming-perfect-jr-2br/7920748764.html,37.7855117715442,-122.413922613382,San Francisco,2026-03-12 16:13:59.104711+00:00,craigslist,,,,
Captivating 2 BR/1.5 BA with Spacious Floorplans & Bike Storage,,3826,2,2.0,https://sfbay.craigslist.org/pen/apa/d/san-francisco-captivating-br-15-ba-with/7920748708.html,37.7072342775777,-122.415895880029,San Francisco,2026-03-12 16:13:59.105539+00:00,craigslist,,,,
"Inner Richmond Elegant Renovated 3BR / 2BA | 1,400 sq ft",,2560,3,2.0,https://sfbay.craigslist.org/sfc/apa/d/san-francisco-inner-richmond-elegant/7920743141.html,37.7837252891391,-122.466634730531,San Francisco,2026-03-12 16:13:59.106246+00:00,craigslist,,,,
Updated Compact 2BR/1BA Laundry In Unit Close To Presidio Pets OK,Way Out There,4200,2,1.0,https://sfbay.craigslist.org/sfc/apa/d/san-francisco-updated-compact-2br-1ba/7920737843.html,37.7852247196889,-122.479730826854,San Francisco,2026-03-12 16:13:59.106866+00:00,craigslist,,,,
Updated Spacious 2BR/1BA Right By Golden Gate Park,NOPA/Inner Richmond,5345,2,1.0,https://sfbay.craigslist.org/sfc/apa/d/san-francisco-updated-spacious-2br-1ba/7920737543.html,37.7728963868117,-122.454281760469,San Francisco,2026-03-12 16:13:59.107508+00:00,craigslist,,,,
2 BR/1 BA Apartment with Parking,,3300,2,1.0,https://sfbay.craigslist.org/sfc/apa/d/san-francisco-br-ba-apartment-with/7920736051.html,37.7243508187485,-122.458338874616,San Francisco,2026-03-12 16:13:59.108076+00:00,craigslist,,,,
Top Floor Spacious Bright 2BR/1.5BA Laundry On Site Pet Friendly,,5255,2,2.0,https://sfbay.craigslist.org/sfc/apa/d/san-francisco-top-floor-spacious-bright/7920735609.html,37.7884281267213,-122.440507855075,San Francisco,2026-03-12 16:13:59.108620+00:00,craigslist,,,,
Updated Great View! 2BR/2BA Laundry In Unit Close To GG Park,Way Out There,5245,2,2.0,https://sfbay.craigslist.org/sfc/apa/d/san-francisco-updated-great-view-2br/7920735549.html,37.7636683285638,-122.478201029541,San Francisco,2026-03-12 16:13:59.109191+00:00,craigslist,,,,
No Carpet Anymore! Right At Lafayette Park 2BR/1BA  Pet Friendly,,5195,2,1.0,https://sfbay.craigslist.org/sfc/apa/d/san-francisco-no-carpet-anymore-right/7920735226.html,37.7907606379051,-122.426715042073,San Francisco,2026-03-12 16:13:59.110452+00:00,craigslist,,,,
"Pet Park, Expansive Windows w/ City Views, EV Charging",,4379,2,1.0,https://sfbay.craigslist.org/sfc/apa/d/san-francisco-pet-park-expansive/7920729876.html,37.7752730157458,-122.415909631016,San Francisco,2026-03-12 16:13:59.111631+00:00,craigslist,,,,
Pacific Heights/3014 Clay&Baker/Remodeled/Coming Soon!!!,,4695,2,1.0,https://sfbay.craigslist.org/sfc/apa/d/san-francisco-pacific-heights-3014/7920718321.html,37.7896336299222,-122.442711450755,San Francisco,2026-03-12 16:13:59.112245+00:00,craigslist,,,,
2 Bed Apartment in San Francisco | 1 Bath | $5400 per month,,5400,2,1.0,https://sfbay.craigslist.org/sfc/apa/d/san-francisco-bed-apartment-in-san/7920709645.html,37.8025521093283,-122.428736437175,San Francisco,2026-03-12 16:13:59.112814+00:00,craigslist,,,,
"1912 Edwardian on Bernal Hill — 3BR With Bay Views Open Kitchen, Deck",Bernal,5480,3,2.0,https://sfbay.craigslist.org/sfc/apa/d/san-francisco-1912-edwardian-on-bernal/7920699268.html,37.7418667115025,-122.414420513706,San Francisco,2026-03-12 16:13:59.113961+00:00,craigslist,,,,
"Exceptional 2 BR-Cozy, Pet Friendly & Moments to Urban Adventure",,4388,2,2.0,https://sfbay.craigslist.org/sfc/apa/d/san-francisco-exceptional-br-cozy-pet/7920751755.html,37.7236025358681,-122.43880445155,San Francisco,2026-03-12 17:00:05.025370+00:00,craigslist,,,,
Pet Friendly 2BR with In Unit Washer & Dryer! Unit #106,Way Out There,4545,2,1.0,https://sfbay.craigslist.org/sfc/apa/d/san-francisco-pet-friendly-2br-with-in/7920756582.html,37.7852247196889,-122.479730826854,San Francisco,2026-03-12 17:00:05.026169+00:00,craigslist,,,,
Stunning 2BR w/ WD Near Golden Gate Park! Unit #502,Way Out There,5245,2,2.0,https://sfbay.craigslist.org/sfc/apa/d/san-francisco-stunning-2br-wd-near/7920756429.html,37.7745184303296,-122.478965928198,San Francisco,2026-03-12 17:00:05.026780+00:00,craigslist,,,,
"Stainless Steel Appliances, Now Showing, Washer and Dryer",,4379,2,1.0,https://sfbay.craigslist.org/sfc/apa/d/san-francisco-stainless-steel/7920753060.html,37.7752730157458,-122.415909631016,San Francisco,2026-03-12 17:00:05.027457+00:00,craigslist,,,,
Move in. Feel at Home.,Way Out There,5600,3,2.0,https://sfbay.craigslist.org/sfc/apa/d/san-francisco-move-in-feel-at-home/7920750966.html,37.7593006712918,-122.483594281266,San Francisco,2026-03-12 17:00:05.028095+00:00,craigslist,,,,
"SPECTACULAR, TOP FLOOR 2 BED/1 BATH FULLY RENOVATED!!!",,3750,2,1.0,https://sfbay.craigslist.org/sfc/apa/d/san-francisco-spectacular-top-floor-bed/7915761945.html,37.7393548645288,-122.388712470398,San Francisco,2026-03-12 21:10:04.883522+00:00,craigslist,,,,
2 Bedroom/1 Bath**Laundry**Stainless**Dishwasher**Open Sat/Sun 12-1**,Duboce,4000,2,1.0,https://sfbay.craigslist.org/sfc/apa/d/san-francisco-bedroom/7920827683.html,37.7710554734161,-122.438708767598,San Francisco,2026-03-12 21:10:04.884364+00:00,craigslist,16.0,4th & King,,
Remodeled 2 BR x 1 Bath with Laundry in unit,NOPA/Inner Richmond,4195,2,1.0,https://sfbay.craigslist.org/sfc/apa/d/san-francisco-remodeled-br-1-bath-with/7920824694.html,37.7743373756664,-122.46380260015,San Francisco,2026-03-12 21:10:04.885066+00:00,craigslist,25.0,4th & King,,
######3 INNER RICHMOND- APARTMENT FOR LEASE-2ND AVE & GEARY,,3300,2,1.0,https://sfbay.craigslist.org/sfc/apa/d/san-francisco-inner-richmond-apartment/7920821548.html,37.7808158094556,-122.459841169955,San Francisco,2026-03-12 21:10:04.885701+00:00,craigslist,,,,
"Indoor bike storage, Microwave, Stainless steel appliances",,3858,2,2.0,https://sfbay.craigslist.org/sfc/apa/d/san-francisco-indoor-bike-storage/7920820820.html,37.7816185233265,-122.412125817737,San Francisco,2026-03-12 21:10:04.886285+00:00,craigslist,,,,
"EV Charging, Pet Park, SoMa Life, Stainless Steel Appliances",,4379,2,1.0,https://sfbay.craigslist.org/sfc/apa/d/san-francisco-ev-charging-pet-park-soma/7920819405.html,37.7752730157458,-122.415909631016,San Francisco,2026-03-12 21:10:04.886873+00:00,craigslist,,,,
2BR with In Unit W/D Near Presidio! Unit 503,,5245,2,1.0,https://sfbay.craigslist.org/sfc/apa/d/san-francisco-2br-with-in-unit-d-near/7920817151.html,37.7970001482938,-122.447082545774,San Francisco,2026-03-12 21:10:04.887528+00:00,craigslist,,,,
Top-Floor 1BR with Dishwasher in Prime Pacific Heights / Japantown,,4995,2,1.0,https://sfbay.craigslist.org/sfc/apa/d/san-francisco-top-floor-1br-with/7920834987.html,37.7864370983833,-122.431591485868,San Francisco,2026-03-12 21:30:04.860200+00:00,craigslist,,,,
Ground Floor Two Bedroom | Freshly Painted | Water & Garbage Included,Bernal,4250,2,1.0,https://sfbay.craigslist.org/sfc/apa/d/san-francisco-ground-floor-two-bedroom/7920836852.html,37.7354358332103,-122.426564354173,San Francisco,2026-03-12 21:50:04.656955+00:00,craigslist,17.0,22nd St,,
3 BDRM apartment home available at Baker Beach in the Presidio!,,4800,3,1.0,https://sfbay.craigslist.org/sfc/apa/d/san-francisco-bdrm-apartment-home/7920845907.html,37.7918773326478,-122.478173527567,San Francisco,2026-03-12 22:10:05.271607+00:00,craigslist,,,,
Available now! Split apartment home at Baker Beach!,,5100,3,1.0,https://sfbay.craigslist.org/sfc/apa/d/san-francisco-available-now-split/7920845827.html,37.7916143450198,-122.477979294874,San Francisco,2026-03-12 22:10:05.272365+00:00,craigslist,,,,
Renovated kitchen- Two Bedroom split-level at Baker Beach!,,4865,2,1.0,https://sfbay.craigslist.org/sfc/apa/d/san-francisco-renovated-kitchen-two/7920845690.html,37.7913685461257,-122.476793845196,San Francisco,2026-03-12 22:10:05.272978+00:00,craigslist,,,,
TMLP 15-mo. | Dazzling Views & Upgraded Kitchens-2 BR Oasis Awaits!,,5229,2,2.0,https://sfbay.craigslist.org/sfc/apa/d/san-francisco-tmlp-15-mo-dazzling-views/7920848710.html,37.7831689471201,-122.432684689341,San Francisco,2026-03-12 22:30:04.881829+00:00,craigslist,,,,
Lease Takeover - Great Building Amenities!,,2480,3,2.0,https://sfbay.craigslist.org/sfc/apa/d/san-francisco-lease-takeover-great/7920856957.html,37.715191515436,-122.408737918294,San Francisco,2026-03-12 23:10:04.790125+00:00,craigslist,,,,
2BR Apartment - In-Unit Laundry & Balcony,,2150,2,2.0,https://sfbay.craigslist.org/sfc/apa/d/san-francisco-2br-apartment-in-unit/7920854767.html,37.7936666798419,-122.434801768393,San Francisco,2026-03-12 23:10:04.790846+00:00,craigslist,,,,
"Pet Park, SoMa Life, Gated, Expansive Windows w/ City Views",,4379,2,1.0,https://sfbay.craigslist.org/sfc/apa/d/san-francisco-pet-park-soma-life-gated/7920856690.html,37.7752730157458,-122.415909631016,San Francisco,2026-03-12 23:10:04.791512+00:00,craigslist,,,,
"2 BR 1 BA Furnished Cozy Private Apt. Close to GGP, UCSF, DWNTWN",Way Out There,3200,2,1.0,https://sfbay.craigslist.org/sfc/apa/d/san-francisco-br-ba-furnished-cozy/7920861166.html,37.7593006712918,-122.483594281266,San Francisco,2026-03-13 00:10:04.900341+00:00,craigslist,30.0,4th & King,,
4 Bdr / 1 Ba for lease in Glen Park,,3100,4,2.0,https://sfbay.craigslist.org/sfc/apa/d/san-francisco-bdr-ba-for-lease-in-glen/7920872586.html,37.7302179065703,-122.435075069262,San Francisco,2026-03-13 00:30:04.675686+00:00,craigslist,,,,
TMLP 13-mo. | Urban Living at Its Best: On-Site Fitness Center,,4373,2,1.0,https://sfbay.craigslist.org/sfc/apa/d/san-francisco-tmlp-13-mo-urban-living/7920872444.html,37.778401365307,-122.414338580742,San Francisco,2026-03-13 00:30:04.676420+00:00,craigslist,,,,
"Now Touring, Bike Stor, Great MidMar SOMA location, 360 Rooftop Views!",,4379,2,1.0,https://sfbay.craigslist.org/sfc/apa/d/san-francisco-now-touring-bike-stor/7920871902.html,37.7752730157458,-122.415909631016,San Francisco,2026-03-13 00:30:04.677043+00:00,craigslist,,,,
"40th/Wawona 3 bd 1 bath top floor of house, large deck and yard",Way Out There,4750,3,1.0,https://sfbay.craigslist.org/sfc/apa/d/san-francisco-40th-wawona-bd-bath-top/7920871786.html,37.7351356033256,-122.497402564128,San Francisco,2026-03-13 00:30:04.677672+00:00,craigslist,37.0,22nd St,,
Must-See 2 BR with Gourmet Kitchen & Balcony-Act Fast!,,5499,2,1.0,https://sfbay.craigslist.org/sfc/apa/d/san-francisco-must-see-br-with-gourmet/7920871016.html,37.7595395946923,-122.462860084577,San Francisco,2026-03-13 00:30:04.678299+00:00,craigslist,,,,
"Effortless Commute, 2 BR/1.5 BA with In Unit Washer/Dryer",,3886,2,2.0,https://sfbay.craigslist.org/pen/apa/d/san-francisco-effortless-commute-br-15/7920870688.html,37.7072342775777,-122.415895880029,San Francisco,2026-03-13 00:30:04.678876+00:00,craigslist,,,,
4 Bdr / 1.5 Ba for lease in Glen Park,,3100,4,2.0,https://sfbay.craigslist.org/sfc/apa/d/san-francisco-bdr-15-ba-for-lease-in/7920877427.html,37.7303198930578,-122.435512236059,San Francisco,2026-03-13 00:50:05.263778+00:00,craigslist,,,,
2 WEEKS FREE* 2 bed/2ba*11thFlr*Balcony*Walk-In Shower,,5102,2,2.0,https://sfbay.craigslist.org/sfc/apa/d/san-francisco-weeks-free-bed/7920876186.html,37.7775138536824,-122.418040461056,San Francisco,2026-03-13 00:50:05.264517+00:00,craigslist,,,,
Top Floor Two Bedroom at AVA 55,,4655,2,2.0,https://sfbay.craigslist.org/sfc/apa/d/san-francisco-top-floor-two-bedroom-at/7920875720.html,37.7770182451897,-122.415690761138,San Francisco,2026-03-13 00:50:05.265112+00:00,craigslist,,,,
Exclusive 3 BR Living-Roof Decks & Real-Time Transit Access,,5491,3,2.0,https://sfbay.craigslist.org/sfc/apa/d/san-francisco-exclusive-br-living-roof/7920873085.html,37.7236025358681,-122.43880445155,San Francisco,2026-03-13 00:50:05.265667+00:00,craigslist,,,,
2 WEEKS FREE* 2 bed/2ba*10thFlr*Balcony*City Views,,5304,2,2.0,https://sfbay.craigslist.org/sfc/apa/d/san-francisco-weeks-free-bed/7920874462.html,37.7775138536824,-122.418040461056,San Francisco,2026-03-13 00:50:05.266216+00:00,craigslist,,,,
"Moving for Work, Leaving Something Special Behind!",Bernal,2450,3,2.0,https://sfbay.craigslist.org/sfc/apa/d/san-francisco-moving-for-work-leaving/7920874484.html,37.7464291744249,-122.419338210462,San Francisco,2026-03-13 01:10:04.887986+00:00,craigslist,,,,
"Bicycle Parking, Great Location, Pet Park, 360 View Rooftop Deck",,4379,2,1.0,https://sfbay.craigslist.org/sfc/apa/d/san-francisco-bicycle-parking-great/7920883459.html,37.7752730157458,-122.415909631016,San Francisco,2026-03-13 01:50:04.744519+00:00,craigslist,,,,
"available 4/1/2026 Sunny, Clean 2 bedroom at 17th ave & Irving st",Way Out There,2950,2,1.0,https://sfbay.craigslist.org/sfc/apa/d/san-francisco-available-sunny-clean/7920888769.html,37.7644641669412,-122.475045178006,San Francisco,2026-03-13 02:30:05.071228+00:00,craigslist,,,,
2 Bedroom Unit - 1117-1121 Guerrero #2,Mission,5595,2,1.0,https://sfbay.craigslist.org/sfc/apa/d/san-francisco-bedroom-unit-guerrero/7920886584.html,37.7533035220505,-122.422985659785,San Francisco,2026-03-13 02:30:05.071995+00:00,craigslist,,,,
Charming 2-Bedroom Grand Victorian Home – Outer Mission,,4050,2,1.0,https://sfbay.craigslist.org/sfc/apa/d/san-francisco-charming-bedroom-grand/7920890777.html,37.7195013039708,-122.441099147519,San Francisco,2026-03-13 03:30:05.505372+00:00,craigslist,,,,
"Mid Floor, Sun-Drenched Updated 2-Bedroom Unit on Bustling Taraval St!",Way Out There,5300,2,,https://sfbay.craigslist.org/sfc/apa/d/san-francisco-mid-floor-sun-drenched/7920895417.html,37.7428023515819,-122.481359745866,San Francisco,2026-03-13 03:50:05.301760+00:00,craigslist,,,,
"Updated 2 Bed, Top Floor.  Check out Virtual Tour!",Mission,3395,2,1.0,https://sfbay.craigslist.org/sfc/apa/d/san-francisco-updated-bed-top-floor/7917681606.html,37.7496463324443,-122.418245579946,San Francisco,2026-03-16 17:40:05.206632+00:00,craigslist,11.0,22nd St,,
Single-Family Two-Level 2BR/2BA Home - in Heart of Hayes Valley,,4700,2,2.0,https://sfbay.craigslist.org/sfc/apa/d/san-francisco-single-family-two-level/7921570495.html,37.774900593179,-122.427261070852,San Francisco,2026-03-16 17:40:05.207472+00:00,craigslist,,,,
"Remodeled, New H/W (306 20th Avenue)",Way Out There,4895,3,2.0,https://sfbay.craigslist.org/sfc/apa/d/san-francisco-remodeled-new-w-th-avenue/7921573832.html,37.7821439256246,-122.479512529934,San Francisco,2026-03-16 17:40:05.208192+00:00,craigslist,28.0,4th & King,,
500 Stanyan #106 - Beautiful 2x1 - Pets OK - Private - Great Area,NOPA/Inner Richmond,5345,2,1.0,https://sfbay.craigslist.org/sfc/apa/d/san-francisco-500-stanyan-beautiful-2x1/7921569526.html,37.7728963868117,-122.454281760469,San Francisco,2026-03-16 17:40:05.208843+00:00,craigslist,21.0,4th & King,,
Beautiful renovated 3 Bedroom apartment available!,,3695,3,1.0,https://sfbay.craigslist.org/sfc/apa/d/san-francisco-beautiful-renovated/7921024167.html,37.7724076538125,-122.412318331556,San Francisco,2026-03-16 17:40:05.209498+00:00,craigslist,,,,
Updated Compact 2BR/1BA Laundry In Unit Close To Presidio Pets OK,Way Out There,4200,2,1.0,https://sfbay.craigslist.org/sfc/apa/d/san-francisco-updated-compact-2br-1ba/7921562166.html,37.7852247196889,-122.479730826854,San Francisco,2026-03-16 17:40:05.210107+00:00,craigslist,29.0,4th & King,,
Updated Spacious 2BR/1BA Right By Golden Gate Park,NOPA/Inner Richmond,5345,2,1.0,https://sfbay.craigslist.org/sfc/apa/d/san-francisco-updated-spacious-2br-1ba/7921561891.html,37.7728963868117,-122.454281760469,San Francisco,2026-03-16 17:40:05.210668+00:00,craigslist,21.0,4th & King,,
"EV Charging, Pet Park, Expansive Windows w/ City Views",,4379,2,1.0,https://sfbay.craigslist.org/sfc/apa/d/san-francisco-ev-charging-pet-park/7921560236.html,37.7752730157458,-122.415909631016,San Francisco,2026-03-16 17:40:05.211269+00:00,craigslist,,,,
Top Floor Spacious Bright 2BR/1.5BA Laundry On Site Pet Friendly,,5255,2,2.0,https://sfbay.craigslist.org/sfc/apa/d/san-francisco-top-floor-spacious-bright/7921557698.html,37.7884281267213,-122.440507855075,San Francisco,2026-03-16 17:40:05.211845+00:00,craigslist,,,,
Updated Great View! 2BR/2BA Laundry In Unit Close To GG Park,Way Out There,5245,2,2.0,https://sfbay.craigslist.org/sfc/apa/d/san-francisco-updated-great-view-2br/7921557501.html,37.7636683285638,-122.478201029541,San Francisco,2026-03-16 17:40:05.212390+00:00,craigslist,32.0,4th & King,,
No Carpet Anymore! Right At Lafayette Park 2BR/1BA  Pet Friendly,,5195,2,1.0,https://sfbay.craigslist.org/sfc/apa/d/san-francisco-no-carpet-anymore-right/7921557210.html,37.7907606379051,-122.426715042073,San Francisco,2026-03-16 17:40:05.212927+00:00,craigslist,,,,
Large 2 Bed Apt in San Francisco | 218 Monterey Blvd | $3850/mo,,3880,2,1.0,https://sfbay.craigslist.org/sfc/apa/d/san-francisco-large-bed-apt-in-san/7921589686.html,37.7318537010753,-122.440238564911,San Francisco,2026-03-16 17:50:05.693302+00:00,craigslist,,,,
*LEASED* Great 2-bedroom 1-bathroom apartment in Pacific Heights,,4500,2,1.0,https://sfbay.craigslist.org/sfc/apa/d/san-francisco-leased-great-bedroom/7920121854.html,37.7931132026118,-122.424570461046,San Francisco,2026-03-16 17:50:05.694039+00:00,craigslist,,,,
*LEASED* Very spacious 2-bed 1-bath apartment with a lots of charm,Way Out There,4195,2,1.0,https://sfbay.craigslist.org/sfc/apa/d/san-francisco-leased-very-spacious-bed/7920121610.html,37.7847056199265,-122.478624445352,San Francisco,2026-03-16 17:50:05.694716+00:00,craigslist,29.0,4th & King,,
"*LEASED* Top-floor, sunny and bright 2-bed 1-bath apt, deck, great loc",,5500,2,1.0,https://sfbay.craigslist.org/sfc/apa/d/san-francisco-leased-top-floor-sunny/7918597185.html,37.7920205720966,-122.430996755676,San Francisco,2026-03-16 17:50:05.695345+00:00,craigslist,,,,
"3 Bedroom, 3 Bath Townhome in Parkmerced! Unit GR105",,4470,3,2.0,https://sfbay.craigslist.org/sfc/apa/d/san-francisco-bedroom-bath-townhome-in/7921585973.html,37.7162463307368,-122.479307411044,San Francisco,2026-03-16 17:50:05.695940+00:00,craigslist,,,,
"2 Bed, 1 Bath Townhome Apartment with Beautiful View! Unit GO421",,3600,2,1.0,https://sfbay.craigslist.org/sfc/apa/d/san-francisco-bed-bath-townhome/7921585384.html,37.7160721515671,-122.477381126936,San Francisco,2026-03-16 17:50:05.696517+00:00,craigslist,,,,
TMLP 13-mo. | City Oasis: Park Views & High-End Finishes,,4161,2,1.0,https://sfbay.craigslist.org/sfc/apa/d/san-francisco-tmlp-13-mo-city-oasis/7921584206.html,37.778401365307,-122.414338580742,San Francisco,2026-03-16 17:50:05.697081+00:00,craigslist,,,,
"Stunning 2 BR/1.5 BA with Walk-In Closets, First Month Free!",,3886,2,2.0,https://sfbay.craigslist.org/pen/apa/d/san-francisco-stunning-br-15-ba-with/7921582342.html,37.7072342775777,-122.415895880029,San Francisco,2026-03-16 17:50:05.697687+00:00,craigslist,,,,
"*******This newly renovated 2-bedroom, 1-bath house******",,1000,2,1.0,https://sfbay.craigslist.org/sfc/apa/d/san-francisco-this-newly-renovated/7921588662.html,37.7916997157313,-122.418600813779,San Francisco,2026-03-16 18:10:05.100197+00:00,craigslist,,,,
3BR Townhome Community in Parkmerced! Unit CR050,,4420,3,2.0,https://sfbay.craigslist.org/sfc/apa/d/san-francisco-3br-townhome-community-in/7921590858.html,37.718001873421,-122.474471647253,San Francisco,2026-03-16 18:10:05.100926+00:00,craigslist,,,,
Rent controlled apt in Sunny Mission! Condo Quality!  ~ J.Wavro,"Mission,Chill Mission",4295,2,1.0,https://sfbay.craigslist.org/sfc/apa/d/san-francisco-rent-controlled-apt-in/7921598567.html,37.7591946740997,-122.409776117819,San Francisco,2026-03-16 18:30:05.227024+00:00,craigslist,7.0,22nd St,,
Brand New 3BD/2BA in Quiet Convenient Neighborhood,Way Out There,4500,3,2.0,https://sfbay.craigslist.org/sfc/apa/d/san-francisco-brand-new-3bd-2ba-in/7921598482.html,37.7538157463193,-122.486123889932,San Francisco,2026-03-16 18:30:05.227823+00:00,craigslist,33.0,4th & King,,
Fully Remodeled 4 Bed 3 Full Bathroom Home | Garage + Backyard,,5495,4,3.0,https://sfbay.craigslist.org/sfc/apa/d/san-francisco-fully-remodeled-bed-full/7921588157.html,37.7296237493368,-122.391648879098,San Francisco,2026-03-16 18:30:05.228441+00:00,craigslist,,,,
"Roof View Fire Pits, Grills, Pet Park, Great Location, Now Showing",,4379,2,1.0,https://sfbay.craigslist.org/sfc/apa/d/san-francisco-roof-view-fire-pits/7921603659.html,37.7752730157458,-122.415909631016,San Francisco,2026-03-16 18:50:05.003682+00:00,craigslist,,,,
PRE-MARKET LATE APRIL MOVE-IN ~ NOB HILL / POLK GULCH 2BD 2BA WITH W/D IN UNIT,,4895,2,2.0,https://sfbay.craigslist.org/sfc/apa/d/san-francisco-pre-market-late-april/7921599935.html,37.7916997157313,-122.419594895554,San Francisco,2026-03-16 18:50:05.004438+00:00,craigslist,,,,
PRE-MARKET LATE APRIL MOVE IN ~ NOB HILL 2BD 2BA ~ W/D IN UNIT,,4895,2,2.0,https://sfbay.craigslist.org/sfc/apa/d/san-francisco-pre-market-late-april/7921612223.html,37.7941995305913,-122.414106532834,San Francisco,2026-03-16 19:10:05.370052+00:00,craigslist,,,,
NOE VALLEY MID-CENTURY 2BD 1BA WITH CITY VIEW AND W/D IN UNIT,Castro/Noe,4595,2,1.0,https://sfbay.craigslist.org/sfc/apa/d/san-francisco-noe-valley-mid-century/7921611710.html,37.7586996385647,-122.433002107959,San Francisco,2026-03-16 19:10:05.370814+00:00,craigslist,14.0,22nd St,,
Two Bedroom One Bath Victorian Flat ~ J.Wavro,NOPA/Inner Richmond,5300,2,1.0,https://sfbay.craigslist.org/sfc/apa/d/san-francisco-two-bedroom-one-bath/7921616056.html,37.7760172879216,-122.444774098817,San Francisco,2026-03-16 19:30:05.423253+00:00,craigslist,17.0,4th & King,,
Downstairs flat inside single family home,,3000,2,1.0,https://sfbay.craigslist.org/sfc/apa/d/san-francisco-downstairs-flat-inside/7920112873.html,37.7185312864236,-122.430767572558,San Francisco,2026-03-16 19:30:05.424021+00:00,craigslist,,,,
4432 California St SF (7th Ave) Brand new 2/1 apt.  Close all,,3500,2,1.0,https://sfbay.craigslist.org/sfc/apa/d/san-francisco-4432-california-st-sf-7th/7919971873.html,37.7849479810738,-122.46492273264,San Francisco,2026-03-16 20:10:04.839392+00:00,craigslist,,,,
Large Remodeled Two Bedrooms/4425 California,,3500,2,1.0,https://sfbay.craigslist.org/sfc/apa/d/san-francisco-large-remodeled-two/7919088340.html,37.7849582943142,-122.464827621646,San Francisco,2026-03-16 20:10:04.840132+00:00,craigslist,,,,
"Roof View Fire Pits, Grills, Pets Welcome, 360 View Rooftop Deck",,4379,2,1.0,https://sfbay.craigslist.org/sfc/apa/d/san-francisco-roof-view-fire-pits/7921629305.html,37.7752730157458,-122.415909631016,San Francisco,2026-03-16 20:30:05.384423+00:00,craigslist,,,,
Spacious 2 Bedroom Townhome in Parkmerced! Unit VI522,,3800,2,1.0,https://sfbay.craigslist.org/sfc/apa/d/san-francisco-spacious-bedroom-townhome/7921639373.html,37.7154779943336,-122.48294110938,San Francisco,2026-03-16 20:50:04.864792+00:00,craigslist,,,,
"2 Bed, 1 Bath Townhome Apartment with Closet! Unit TA123",,3236,2,1.0,https://sfbay.craigslist.org/sfc/apa/d/san-francisco-bed-bath-townhome/7921638106.html,37.7204231930631,-122.481329379102,San Francisco,2026-03-16 20:50:04.865539+00:00,craigslist,,,,
Modern 3 Bed Apartment with En-Suite Bathrooms! Unit SE35510K,,4575,3,3.0,https://sfbay.craigslist.org/sfc/apa/d/san-francisco-modern-bed-apartment-with/7921643799.html,37.7192893095866,-122.480672196511,San Francisco,2026-03-16 21:10:05.162550+00:00,craigslist,,,,
High-Rise 2 Bedroom Apartment with Views! Unit FO1506H,,3450,2,2.0,https://sfbay.craigslist.org/sfc/apa/d/san-francisco-high-rise-bedroom/7921642348.html,37.7153381926316,-122.47352913168,San Francisco,2026-03-16 21:10:05.163304+00:00,craigslist,,,,
Beautiful Vibrant and Pristine 2 Bed / 2 Bath in Prime Pacific Heights,,4995,2,2.0,https://sfbay.craigslist.org/sfc/apa/d/san-francisco-beautiful-vibrant-and/7921633702.html,37.790609950005,-122.430812836224,San Francisco,2026-03-16 21:10:05.163909+00:00,craigslist,,,,
High-Rise 2 Bedroom Apartment with Views! Unit FO1005C,,3345,2,2.0,https://sfbay.craigslist.org/sfc/apa/d/san-francisco-high-rise-bedroom/7921641490.html,37.7148769616065,-122.472777984011,San Francisco,2026-03-16 21:10:05.164468+00:00,craigslist,,,,
Peaceful furnished retreat available for 3 weeks in Twin Peaks. 🏠,,3500,2,1.0,https://sfbay.craigslist.org/sfc/apa/d/san-francisco-peaceful-furnished/7921640790.html,37.750500039559,-122.444705343882,San Francisco,2026-03-16 21:10:05.165023+00:00,craigslist,,,,
"Spacious 2 Bed, 2 Bath Tower Apartment! Unit FO1502K",,3250,2,2.0,https://sfbay.craigslist.org/sfc/apa/d/san-francisco-spacious-bed-bath-tower/7921640408.html,37.7153381926316,-122.47352913168,San Francisco,2026-03-16 21:10:05.165583+00:00,craigslist,,,,
"Updated, furnished 2BR/1BA apartment near Divisadero, Golden Gate Park",,5100,2,1.0,https://sfbay.craigslist.org/sfc/apa/d/san-francisco-updated-furnished-2br-1ba/7921640100.html,37.7856000070447,-122.435799287915,San Francisco,2026-03-16 21:10:05.166126+00:00,craigslist,,,,
Mission/3201 23rd&South Van ness/W/D in unit/Den/Office/Top Floor!!!,Mission,3595,2,1.0,https://sfbay.craigslist.org/sfc/apa/d/san-francisco-mission-rdsouth-van-ness/7921658216.html,37.7539698719662,-122.416414979791,San Francisco,2026-03-16 22:10:05.293681+00:00,craigslist,9.0,22nd St,,
2BE/1BA ACROSS FROM LAFAYETTE PARK PACIFIC HEIGHTS,,5295,2,1.0,https://sfbay.craigslist.org/sfc/apa/d/san-francisco-2be-1ba-across-from/7921657522.html,37.7907606379051,-122.426715042073,San Francisco,2026-03-16 22:10:05.294400+00:00,craigslist,,,,
MARINA 2BE/1BA 2844 LYON ST LOCATION READY TO RENT,,5245,2,1.0,https://sfbay.craigslist.org/sfc/apa/d/san-francisco-marina-2be-1ba-2844-lyon/7921657400.html,37.7970001482938,-122.447082545774,San Francisco,2026-03-16 22:10:05.294986+00:00,craigslist,,,,
2BE/2BA 1290 20TH AVE INNER SUNSET BY GG PARK,Way Out There,5245,2,2.0,https://sfbay.craigslist.org/sfc/apa/d/san-francisco-2be-2ba-th-ave-inner/7921657023.html,37.7636683285638,-122.478201029541,San Francisco,2026-03-16 22:10:05.295629+00:00,craigslist,32.0,4th & King,,
Mission/3201 23rd&South Van ness/W/D in unit/Den/Office/Coming Soon!,Mission,3695,2,1.0,https://sfbay.craigslist.org/sfc/apa/d/san-francisco-mission-rdsouth-van-ness/7921656776.html,37.7539698719662,-122.416414979791,San Francisco,2026-03-16 22:10:05.296213+00:00,craigslist,9.0,22nd St,,
OPEN HOUSE THURSDAY MAR 19 OPEN HOUSE FROM 5PM TO 6PM,,3100,2,1.0,https://sfbay.craigslist.org/sfc/apa/d/san-francisco-open-house-thursday-mar/7921662842.html,37.7837390401262,-122.424105792275,San Francisco,2026-03-16 22:30:05.654961+00:00,craigslist,,,,
"Experience the Best of Daly City, Move-In Ready!",,3593,2,2.0,https://sfbay.craigslist.org/pen/apa/d/san-francisco-experience-the-best-of/7921660339.html,37.7072342775777,-122.415895880029,San Francisco,2026-03-16 22:30:05.655781+00:00,craigslist,,,,
"SoMa Life, Now Showing, 360 View Rooftop Deck, EV Charging",,4379,2,1.0,https://sfbay.craigslist.org/sfc/apa/d/san-francisco-soma-life-now-showing-360/7921667034.html,37.7752730157458,-122.415909631016,San Francisco,2026-03-16 22:50:05.189251+00:00,craigslist,,,,
140 20th Ave #106 - Lovely 2x1 - Updated & New - WD in Unit - Pets OK,Way Out There,4200,2,1.0,https://sfbay.craigslist.org/sfc/apa/d/san-francisco-th-ave-lovely-2x1-updated/7921665076.html,37.7852247196889,-122.479730826854,San Francisco,2026-03-16 22:50:05.190080+00:00,craigslist,29.0,4th & King,,
2844 Lyon #503 - Renovated 2x1 - Marina Area - Near Shops - WD in Unit,,5245,2,1.0,https://sfbay.craigslist.org/sfc/apa/d/san-francisco-2844-lyon-renovated-2x1/7921669367.html,37.7970001482938,-122.447082545774,San Francisco,2026-03-16 23:10:05.174062+00:00,craigslist,,,,
1290 20th Ave - 502,Way Out There,5245,2,2.0,https://sfbay.craigslist.org/sfc/apa/d/san-francisco-th-ave-502/7921667784.html,37.7745184303296,-122.478965928198,San Francisco,2026-03-16 23:10:05.174860+00:00,craigslist,30.0,4th & King,,
"4br 1ba Large Apartment on Natoma Street / 7th St, Section 8 welcome",,4500,4,1.0,https://sfbay.craigslist.org/sfc/apa/d/san-francisco-4br-1ba-large-apartment/7919632759.html,37.7724999000175,-122.414693814574,San Francisco,2026-03-16 23:30:05.140181+00:00,craigslist,,,,
2 level 2 bedroom and 2 bath townhome,,5600,2,2.0,https://sfbay.craigslist.org/sfc/apa/d/san-francisco-level-bedroom-and-bath/7921672865.html,37.8001995446216,-122.409109767903,San Francisco,2026-03-16 23:30:05.140896+00:00,craigslist,,,,
2055 Sacramento #602 - Stunning 2x1 -Awesome Park View - Natural Light,,5395,2,1.0,https://sfbay.craigslist.org/sfc/apa/d/san-francisco-2055-sacramento-stunning/7921672595.html,37.7907606379051,-122.426715042073,San Francisco,2026-03-16 23:30:05.141484+00:00,craigslist,,,,
Two Bedroom Two Bathroom Flat - NEW ADU with Natural Light,Castro/Noe,4500,2,2.0,https://sfbay.craigslist.org/sfc/apa/d/san-francisco-two-bedroom-two-bathroom/7919619333.html,37.7538535615338,-122.426126614418,San Francisco,2026-03-16 23:30:05.142116+00:00,craigslist,12.0,22nd St,,
New Renovation Updated 2BR/1BA Laundry In Unit By Presidio,,5245,2,1.0,https://sfbay.craigslist.org/sfc/apa/d/san-francisco-new-renovation-updated/7921675880.html,37.7970001482938,-122.447082545774,San Francisco,2026-03-16 23:50:05.462700+00:00,craigslist,,,,
2055 Sacramento #402 - Charming 2x1 - Awesome Location - Near Park,,5295,2,1.0,https://sfbay.craigslist.org/sfc/apa/d/san-francisco-2055-sacramento-charming/7921681466.html,37.7907606379051,-122.426715042073,San Francisco,2026-03-17 00:10:04.993005+00:00,craigslist,,,,
2055 Sacramento #407 - Awesome 2x1 - Awesome Views - Great Area,,5295,2,1.0,https://sfbay.craigslist.org/sfc/apa/d/san-francisco-2055-sacramento-awesome/7921680756.html,37.7907606379051,-122.426715042073,San Francisco,2026-03-17 00:10:04.993723+00:00,craigslist,,,,
"Top Floor, Bright Victorian Two Bedroom",Haight/Cole Valley,4450,2,1.0,https://sfbay.craigslist.org/sfc/apa/d/san-francisco-top-floor-bright/7921680427.html,37.7688902659084,-122.448185489529,San Francisco,2026-03-17 00:10:04.994381+00:00,craigslist,18.0,4th & King,,
Cozy 2 BR/2.5 BA with Security Systems & Package Service,,3981,2,3.0,https://sfbay.craigslist.org/pen/apa/d/san-francisco-cozy-br-25-ba-with/7921684812.html,37.7072342775777,-122.415895880029,San Francisco,2026-03-17 00:30:05.244970+00:00,craigslist,,,,
TMLP 13-mo. | Convenience Meets Luxury: Garage Parking & Elevator,,4161,2,1.0,https://sfbay.craigslist.org/sfc/apa/d/san-francisco-tmlp-13-mo-convenience/7921684312.html,37.778401365307,-122.414338580742,San Francisco,2026-03-17 00:30:05.245701+00:00,craigslist,,,,
"SoMa Life, Now Showing, Great Location, 360 View Rooftop Deck",,4379,2,1.0,https://sfbay.craigslist.org/sfc/apa/d/san-francisco-soma-life-now-showing/7921682282.html,37.7752730157458,-122.415909631016,San Francisco,2026-03-17 00:50:04.684083+00:00,craigslist,,,,
Connecticut - 1914 Edwardian (Potrero Hill) - 2BR/1BA w/Deck Garage,Potrero Hill,4100,2,1.0,https://sfbay.craigslist.org/sfc/apa/d/san-francisco-connecticut-edwardian/7921687892.html,37.7621282180106,-122.397454087478,San Francisco,2026-03-17 01:10:04.718387+00:00,craigslist,2.0,22nd St,,
2055 Sacramento #203 - Awesome 1x1 - WD in Unit - Great Area - Updated,,5195,2,1.0,https://sfbay.craigslist.org/sfc/apa/d/san-francisco-2055-sacramento-awesome/7921700792.html,37.7907606379051,-122.426715042073,San Francisco,2026-03-17 02:40:05.147849+00:00,craigslist,,,,
2BR/2BA Fully Updated (Sunset District) w/ Fireplace & Attached Garage,Way Out There,3400,2,1.0,https://sfbay.craigslist.org/sfc/apa/d/san-francisco-2br-2ba-fully-updated/7921693263.html,37.7557214039458,-122.490549988899,San Francisco,2026-03-17 02:40:05.148694+00:00,craigslist,39.0,4th & King,,
"Expansive Windows w/ City Views, Gated, Stainless Steel Appliances",,4379,2,1.0,https://sfbay.craigslist.org/sfc/apa/d/san-francisco-expansive-windows-city/7921694597.html,37.7752730157458,-122.415909631016,San Francisco,2026-03-17 02:40:05.149331+00:00,craigslist,,,,
Spacious 2BR / 2BA with In-Unit Laundry in the Inner Richmond,NOPA/Inner Richmond,4795,2,1.0,https://sfbay.craigslist.org/sfc/apa/d/san-francisco-spacious-2br-2ba-with-in/7921280205.html,37.774405557644,-122.46380260015,San Francisco,2026-03-17 02:40:05.149920+00:00,craigslist,25.0,4th & King,,
Beautiful Two Bedroom in Great Location ~ Mission District,Mission,4000,2,2.0,https://sfbay.craigslist.org/sfc/apa/d/san-francisco-beautiful-two-bedroom-in/7917121797.html,37.7680056190727,-122.424407741033,San Francisco,2026-03-17 03:20:05.646010+00:00,craigslist,10.0,4th & King,,
Remodeled 2 BR x 1 Bath with Laundry in Unit,Mission,4995,2,1.0,https://sfbay.craigslist.org/sfc/apa/d/san-francisco-remodeled-br-1-bath-with/7921706896.html,37.7611753891973,-122.423764309429,San Francisco,2026-03-17 03:40:04.730290+00:00,craigslist,11.0,22nd St,,
"Captivating 2 BR/1.5 BA with In-Unit Washer/Dryer, Fitness Center On",,3886,2,2.0,https://sfbay.craigslist.org/pen/apa/d/san-francisco-captivating-br-15-ba-with/7921710644.html,37.7072342775777,-122.415895880029,San Francisco,2026-03-17 04:20:05.039818+00:00,craigslist,,,,
Brand new Modern 2Bedroom Apartment,,1400,2,2.0,https://sfbay.craigslist.org/sfc/apa/d/san-francisco-brand-new-modern-2bedroom/7921711318.html,37.801062419061,-122.411852516869,San Francisco,2026-03-17 05:00:05.113463+00:00,craigslist,,,,
Brand new Modern 2Bedroom Apartment,,1680,2,2.0,https://sfbay.craigslist.org/sfc/apa/d/san-francisco-brand-new-modern-2bedroom/7921713813.html,37.801062419061,-122.411852516869,San Francisco,2026-03-17 05:40:04.948159+00:00,craigslist,,,,
"Bicycle Parking, Pet Park, EV Charging, 360 View Rooftop Deck",,4379,2,1.0,https://sfbay.craigslist.org/sfc/apa/d/san-francisco-bicycle-parking-pet-park/7921714778.html,37.7752730157458,-122.415909631016,San Francisco,2026-03-17 05:40:04.948873+00:00,craigslist,,,,
Nob hill Beautiful 2-bedroom apartment,,1431,2,1.0,https://sfbay.craigslist.org/sfc/apa/d/san-francisco-nob-hill-beautiful/7921716030.html,37.7763679380922,-122.427001520971,San Francisco,2026-03-17 06:00:05.573667+00:00,craigslist,,,,
"Great Deal: Fully renovated 2-bedroom, 1-bath apartment in Noe Valley!",Castro/Noe,1175,2,1.0,https://sfbay.craigslist.org/sfc/apa/d/san-francisco-great-deal-fully/7921717458.html,37.7427954760883,-122.428313021364,San Francisco,2026-03-17 06:40:05.271208+00:00,craigslist,,,,
Steps to the N Judy Line! Convenient 2BR Near Parks & Top Schools,Way Out There,1750,2,1.0,https://sfbay.craigslist.org/sfc/apa/d/san-francisco-steps-to-the-judy-line/7921717957.html,37.7609840212938,-122.498445347315,San Francisco,2026-03-17 06:40:05.271981+00:00,craigslist,,,,
Nob hill Beautiful 2-bedroom apartment,,2255,2,1.0,https://sfbay.craigslist.org/sfc/apa/d/san-francisco-nob-hill-beautiful/7921718298.html,37.7763679380922,-122.427001520971,San Francisco,2026-03-17 07:00:05.324819+00:00,craigslist,,,,
Top floor two bedroom with parking and two patios l,,2200,2,1.0,https://sfbay.craigslist.org/sfc/apa/d/san-francisco-top-floor-two-bedroom/7921723067.html,37.7450013635995,-122.438299102775,San Francisco,2026-03-17 09:00:05.479395+00:00,craigslist,,,,
Modern 2-bedroom apartment,,1675,2,2.0,https://sfbay.craigslist.org/sfc/apa/d/san-francisco-modern-bedroom-apartment/7921726388.html,37.7968053426434,-122.430194614763,San Francisco,2026-03-17 10:20:04.962071+00:00,craigslist,,,,
Bright Remodeled 2bd w/ Shared Yard! Must See!  ~ J.Wavro,Mission,3750,2,1.0,https://sfbay.craigslist.org/sfc/apa/d/san-francisco-bright-remodeled-2bd/7921757492.html,37.7571010863164,-122.417808413149,San Francisco,2026-03-17 14:40:05.172700+00:00,craigslist,10.0,22nd St,,
Twin Peaks/630 Grand view/W/D in unit/Coming Soon/Top Floor!!,Castro/Noe,4595,2,1.0,https://sfbay.craigslist.org/sfc/apa/d/san-francisco-twin-peaks-630-grand-view/7921761368.html,37.7586996385647,-122.433002107959,San Francisco,2026-03-17 15:00:05.843785+00:00,craigslist,14.0,22nd St,,
"Stainless Steel Appliances, Now Showing, Gated, Pet Park",,4379,2,1.0,https://sfbay.craigslist.org/sfc/apa/d/san-francisco-stainless-steel/7921764627.html,37.7752730157458,-122.415909631016,San Francisco,2026-03-17 15:20:05.503333+00:00,craigslist,,,,
Well maintained 3BD & 2BR for rent,,4198,3,2.0,https://sfbay.craigslist.org/sfc/apa/d/san-francisco-well-maintained-3bd-2br/7920642858.html,37.7195013039708,-122.441099147519,San Francisco,2026-03-17 16:20:05.372772+00:00,craigslist,,,,
"Walk-in showers, 24-hour on-site security, Sky Terrace",,3582,2,2.0,https://sfbay.craigslist.org/sfc/apa/d/san-francisco-walk-in-showers-24-hour/7921782522.html,37.7816185233265,-122.412125817737,San Francisco,2026-03-17 16:20:05.373514+00:00,craigslist,,,,
140 20th Avenue Owner LP - 106,Way Out There,4200,2,1.0,https://sfbay.craigslist.org/sfc/apa/d/san-francisco-th-avenue-owner-lp-106/7921789538.html,37.7852247196889,-122.479730826854,San Francisco,2026-03-17 16:40:04.982890+00:00,craigslist,29.0,4th & King,,
Stunning 3BR/2.5BA Luxury Home in Bernal Heights City Views.,Mission,5000,3,3.0,https://sfbay.craigslist.org/sfc/apa/d/san-francisco-stunning-3br-25ba-luxury/7921788022.html,37.7508993911422,-122.415297712091,San Francisco,2026-03-17 16:40:04.983705+00:00,craigslist,,,,
"Roof View Fire Pits, Grills, EV Charging, Pets Welcome, Now Showing",,4379,2,1.0,https://sfbay.craigslist.org/sfc/apa/d/san-francisco-roof-view-fire-pits/7921785103.html,37.7752730157458,-122.415909631016,San Francisco,2026-03-17 16:40:04.984333+00:00,craigslist,,,,
Hidden Gem in the Heart of Diamond Heights (LIHTC unit),,2972,2,1.0,https://sfbay.craigslist.org/sfc/apa/d/san-francisco-hidden-gem-in-the-heart/7918898523.html,37.7443493376287,-122.43873168591,San Francisco,2026-03-17 17:00:04.906891+00:00,craigslist,,,,
Imagine having this view when you wake up in your home!!!,,2972,2,1.0,https://sfbay.craigslist.org/sfc/apa/d/san-francisco-imagine-having-this-view/7920153801.html,37.7443493376287,-122.43873168591,San Francisco,2026-03-17 17:00:04.907651+00:00,craigslist,,,,
3BR/2BA Near Union Square,,4295,3,2.0,https://sfbay.craigslist.org/sfc/apa/d/san-francisco-3br-2ba-near-union-square/7921788113.html,37.7897018118998,-122.415444962244,San Francisco,2026-03-17 17:00:04.908269+00:00,craigslist,,,,
2038 DIVISADERO 2BE/1.5 BATH PACIFIC HEIGHTS LOCATION,,5360,2,2.0,https://sfbay.craigslist.org/sfc/apa/d/san-francisco-2038-divisadero-2be-15/7921791463.html,37.7884281267213,-122.440507855075,San Francisco,2026-03-17 17:00:04.908822+00:00,craigslist,,,,
Bright 2 Bedroom / 2 Bathroom Apartment in Prime Nob Hill Location,,5495,2,2.0,https://sfbay.craigslist.org/sfc/apa/d/san-francisco-bright-bedroom-bathroom/7921349703.html,37.7909583083444,-122.417521361293,San Francisco,2026-03-17 17:20:04.929585+00:00,craigslist,,,,
Renovated kitchen- Two Bedroom split-level at Baker Beach!,,4865,2,1.0,https://sfbay.craigslist.org/sfc/apa/d/san-francisco-renovated-kitchen-two/7921807597.html,37.7913685461257,-122.476793845196,San Francisco,2026-03-17 17:40:05.603122+00:00,craigslist,,,,
Available now! Split apartment home at Baker Beach!,,5100,3,1.0,https://sfbay.craigslist.org/sfc/apa/d/san-francisco-available-now-split/7921807090.html,37.7916143450198,-122.477979294874,San Francisco,2026-03-17 17:40:05.603877+00:00,craigslist,,,,
3 BDRM apartment home available at Baker Beach in the Presidio!,,4600,3,1.0,https://sfbay.craigslist.org/sfc/apa/d/san-francisco-bdrm-apartment-home/7921806832.html,37.792922407666,-122.478651947326,San Francisco,2026-03-17 17:40:05.604483+00:00,craigslist,,,,
"Remodeled, New H/W (306 20th Avenue)",Way Out There,4895,3,2.0,https://sfbay.craigslist.org/sfc/apa/d/san-francisco-remodeled-new-w-th-avenue/7921802172.html,37.7821439256246,-122.479512529934,San Francisco,2026-03-17 17:40:05.605181+00:00,craigslist,28.0,4th & King,,
Single Family Home in Great Location!,,4500,2,1.0,https://sfbay.craigslist.org/sfc/apa/d/san-francisco-single-family-home-in/7921810013.html,37.7126550312771,-122.432001723649,San Francisco,2026-03-17 18:00:04.947318+00:00,craigslist,,,,
Updated Top Floor Flat with W/D in Unit,Way Out There,4150,4,2.0,https://sfbay.craigslist.org/sfc/apa/d/san-francisco-updated-top-floor-flat/7921809429.html,37.7820041239226,-122.485331489301,San Francisco,2026-03-17 18:00:04.948117+00:00,craigslist,30.0,4th & King,,
Updated Two Bedroom in Lower Pac Heights | Shared Laundry | Views,,5495,2,1.0,https://sfbay.craigslist.org/sfc/apa/d/san-francisco-updated-two-bedroom-in/7920594005.html,37.7845245652633,-122.445549883672,San Francisco,2026-03-17 18:00:04.949320+00:00,craigslist,,,,
Pristine 3BR Single Family Home | 2 Decks w/ Bay Views | Garage + W/D,,5250,3,3.0,https://sfbay.craigslist.org/sfc/apa/d/san-francisco-pristine-3br-single/7921809259.html,37.7257757647849,-122.419228775523,San Francisco,2026-03-17 18:00:04.950436+00:00,craigslist,,,,
"Captivating 2 BR/1.5 BA with Lounge & Sun Deck, Package Service",,3593,2,2.0,https://sfbay.craigslist.org/pen/apa/d/san-francisco-captivating-br-15-ba-with/7921808336.html,37.7072342775777,-122.415895880029,San Francisco,2026-03-17 18:00:04.950995+00:00,craigslist,,,,
#1704 Top Floow Two Bedroom at AVA 55 Ninth,,4655,2,2.0,https://sfbay.craigslist.org/sfc/apa/d/san-francisco-1704-top-floow-two/7921818448.html,37.7770182451897,-122.415690761138,San Francisco,2026-03-17 18:20:05.409896+00:00,craigslist,,,,
A 2 Br Unit at the convenient location,,2100,2,1.0,https://sfbay.craigslist.org/sfc/apa/d/san-francisco-2-br-unit-at-the/7919840943.html,37.7195013039708,-122.441099147519,San Francisco,2026-03-17 18:20:05.410741+00:00,craigslist,,,,
"Washer and Dryer, Gated, Stainless Steel Appliances, Bicycle Parking",,4379,2,1.0,https://sfbay.craigslist.org/sfc/apa/d/san-francisco-washer-and-dryer-gated/7921828747.html,37.7752730157458,-122.415909631016,San Francisco,2026-03-17 19:00:04.873553+00:00,craigslist,,,,
"Cozy 2 BR/2.5 BA Oasis with Hardwood Floors, Apply Now!",,3981,2,3.0,https://sfbay.craigslist.org/pen/apa/d/san-francisco-cozy-br-25-ba-oasis-with/7921825214.html,37.7072342775777,-122.415895880029,San Francisco,2026-03-17 19:00:04.874386+00:00,craigslist,,,,
Ideal Off-Campus 2BR Minutes from USF! Unit #106,NOPA/Inner Richmond,5450,2,1.0,https://sfbay.craigslist.org/sfc/apa/d/san-francisco-ideal-off-campus-2br/7921842409.html,37.7728963868117,-122.454281760469,San Francisco,2026-03-17 20:00:05.593351+00:00,craigslist,21.0,4th & King,,
2BR with In Unit W/D Near Presidio! Unit 503,,5245,2,1.0,https://sfbay.craigslist.org/sfc/apa/d/san-francisco-2br-with-in-unit-d-near/7921841203.html,37.7970001482938,-122.447082545774,San Francisco,2026-03-17 20:00:05.594097+00:00,craigslist,,,,
TMLP 13-mo. | Luxury high-rise with top tear amenities and handcrafted apartment,,4161,2,1.0,https://sfbay.craigslist.org/sfc/apa/d/san-francisco-tmlp-13-mo-luxury-high/7921848844.html,37.778401365307,-122.414338580742,San Francisco,2026-03-17 20:20:05.245912+00:00,craigslist,,,,
"Expansive Windows w/ City Views, EV Charging, Gated, Bicycle Parking",,4379,2,1.0,https://sfbay.craigslist.org/sfc/apa/d/san-francisco-expansive-windows-city/7921847406.html,37.7752730157458,-122.415909631016,San Francisco,2026-03-17 20:20:05.246704+00:00,craigslist,,,,
SUPER QUIET!REAR FACING!BRIGHT/SUNNY w/ PRIVATE GARDEN-COME SEE!,,4695,2,1.0,https://sfbay.craigslist.org/sfc/apa/d/san-francisco-super-quietrear/7921845352.html,37.7915358498019,-122.419106162555,San Francisco,2026-03-17 20:20:05.249132+00:00,craigslist,,,,
SUPER QUIET! REAR FACING! BRIGHT/SUNNY w/ PRIVATE GARDEN! COME SEE!,,4695,2,1.0,https://sfbay.craigslist.org/sfc/apa/d/san-francisco-super-quiet-rear-facing/7921845284.html,37.7915358498019,-122.419106162555,San Francisco,2026-03-17 20:20:05.249672+00:00,craigslist,,,,
SUPER QUIET!BRIGHT/SUNNY w/ AMAZING VIEWS! PRIVATE GARDEN!,,4695,2,1.0,https://sfbay.craigslist.org/sfc/apa/d/san-francisco-super-quietbright-sunny/7921845194.html,37.7915358498019,-122.419106162555,San Francisco,2026-03-17 20:20:05.250229+00:00,craigslist,,,,
"This charming 4 bed, 2 bath single-family unit is great. With amenitie",,1000,4,2.0,https://sfbay.craigslist.org/sfc/apa/d/san-francisco-this-charming-bed-bath/7921843564.html,37.7189988199844,-122.409598500903,San Francisco,2026-03-17 20:40:05.062465+00:00,craigslist,,,,
Furnished Hilltop 2BR Apt with Stunning View (Utilities all included),Mission,5000,2,1.0,https://sfbay.craigslist.org/sfc/apa/d/san-francisco-furnished-hilltop-2br-apt/7921843873.html,37.7508993911422,-122.415297712091,San Francisco,2026-03-17 20:40:05.063291+00:00,craigslist,10.0,22nd St,,
Three Bedroom Flat in Central Sunset District,Way Out There,3695,3,1.0,https://sfbay.craigslist.org/sfc/apa/d/san-francisco-three-bedroom-flat-in/7920356026.html,37.7618073616453,-122.482709061473,San Francisco,2026-03-17 20:40:05.064539+00:00,craigslist,29.0,4th & King,,
Bright 2BR with Open Vistas in Pacific Heights! Unit #602,,5395,2,1.0,https://sfbay.craigslist.org/sfc/apa/d/san-francisco-bright-2br-with-open/7921855253.html,37.7907606379051,-122.426715042073,San Francisco,2026-03-17 21:00:04.868504+00:00,craigslist,,,,
Bright 2BR Near Alta Plaza Park & Fillmore Street! Unit #402,,5295,2,1.0,https://sfbay.craigslist.org/sfc/apa/d/san-francisco-bright-2br-near-alta/7921855088.html,37.7907606379051,-122.426715042073,San Francisco,2026-03-17 21:00:04.869217+00:00,craigslist,,,,
2BR Near Fillmore Dining & Alta Plaza Park! Unit #407,,5295,2,1.0,https://sfbay.craigslist.org/sfc/apa/d/san-francisco-2br-near-fillmore-dining/7921855179.html,37.7907606379051,-122.426715042073,San Francisco,2026-03-17 21:00:04.869803+00:00,craigslist,,,,
Sunny 2BR with Balcony Near Parks & Cafes #301,,5360,2,1.0,https://sfbay.craigslist.org/sfc/apa/d/san-francisco-sunny-2br-with-balcony/7921855498.html,37.7884281267213,-122.440507855075,San Francisco,2026-03-17 21:00:04.872187+00:00,craigslist,,,,
"1978ft2 - A spacious 3-bedroom, 1-bathroom rental flat located",,1360,3,1.0,https://sfbay.craigslist.org/sfc/apa/d/san-francisco-1978ft2-spacious-bedroom/7921859461.html,37.7323109213958,-122.452219112407,San Francisco,2026-03-17 21:20:05.592855+00:00,craigslist,,,,
Pet Friendly 2BR Near Parks and Recreation! Unit #203,,5195,2,1.0,https://sfbay.craigslist.org/sfc/apa/d/san-francisco-pet-friendly-2br-near/7921855021.html,37.7907606379051,-122.426715042073,San Francisco,2026-03-17 21:20:05.593588+00:00,craigslist,,,,
"Sophisticated 2 BR/1.5 BA with High Speed Internet, Fitness Center",,3886,2,2.0,https://sfbay.craigslist.org/pen/apa/d/san-francisco-sophisticated-br-15-ba/7921869500.html,37.7072342775777,-122.415895880029,San Francisco,2026-03-17 21:40:05.074727+00:00,craigslist,,,,
"3/BD 1.5/BA, in SF CA, Resident Services",,2081,3,2.0,https://sfbay.craigslist.org/sfc/apa/d/san-francisco-bd-15-ba-in-sf-ca/7921873224.html,37.7893122005991,-122.39238627578,San Francisco,2026-03-17 22:00:05.530928+00:00,craigslist,,,,
Extra Clean Inlaw Room Close to SFSU-CCSF,,850,2,1.0,https://sfbay.craigslist.org/sfc/apa/d/san-francisco-extra-clean-inlaw-room/7921436094.html,37.7185822796674,-122.471275688672,San Francisco,2026-03-17 22:00:05.532480+00:00,craigslist,,,,
Big spacious Unit with Separate Living and Dining Rooms Unit 2,,5250,2,3.0,https://sfbay.craigslist.org/sfc/apa/d/san-francisco-big-spacious-unit-with/7921875864.html,37.7844701342727,-122.457969889796,San Francisco,2026-03-17 22:20:05.218614+00:00,craigslist,,,,
"3 Bed, Floor-to-Ceiling Windows, Resident Services",,2081,3,2.0,https://sfbay.craigslist.org/sfc/apa/d/san-francisco-bed-floor-to-ceiling/7921881138.html,37.7893122005991,-122.39238627578,San Francisco,2026-03-17 22:40:06.443360+00:00,craigslist,,,,
"Expansive Windows w/ City Views, Bicycle Parking, Great Location",,4379,2,1.0,https://sfbay.craigslist.org/sfc/apa/d/san-francisco-expansive-windows-city/7921885507.html,37.7752730157458,-122.415909631016,San Francisco,2026-03-17 23:00:05.270534+00:00,craigslist,,,,
Spacious Layout Offers Flexibility for Working From Home!!,Inner Sunset,2270,3,2.0,https://sfbay.craigslist.org/sfc/apa/d/san-francisco-spacious-layout-offers/7921878124.html,37.7570672818065,-122.466904020695,San Francisco,2026-03-17 23:00:05.271382+00:00,craigslist,26.0,4th & King,,
2844 Lyon Street Owner LP - 503,,5245,2,1.0,https://sfbay.craigslist.org/sfc/apa/d/san-francisco-2844-lyon-street-owner-lp/7921889346.html,37.799899314737,-122.434205319329,San Francisco,2026-03-17 23:20:04.757599+00:00,craigslist,,,,
Charming 2 Room / 1bath Unit in the Mission/dolores Heights!!,Mission,1350,2,1.0,https://sfbay.craigslist.org/sfc/apa/d/san-francisco-charming-room-1bath-unit/7921888138.html,37.7499230710594,-122.42093676271,San Francisco,2026-03-17 23:40:04.741160+00:00,craigslist,,,,
Beautiful 2BR w/ In-Unit Laundry in Nob Hill,,4695,2,1.0,https://sfbay.craigslist.org/sfc/apa/d/san-francisco-beautiful-2br-in-unit/7921444646.html,37.7916997157313,-122.418600813779,San Francisco,2026-03-18 00:00:04.769294+00:00,craigslist,,,,
Stage 1075 | Furnished 2BR/2BA in Boutique Style Building,,4990,2,2.0,https://sfbay.craigslist.org/sfc/apa/d/san-francisco-stage-furnished-2br-2ba/7921898430.html,37.7813927779552,-122.41136091908,San Francisco,2026-03-18 00:20:05.370665+00:00,craigslist,,,,
Hidden Gem! 2 BR Apt w/ Garage Parking in Prime Location,,5499,2,1.0,https://sfbay.craigslist.org/sfc/apa/d/san-francisco-hidden-gem-br-apt-garage/7921901775.html,37.7595395946923,-122.462860084577,San Francisco,2026-03-18 00:40:04.893685+00:00,craigslist,,,,
"Bicycle Parking, Washer and Dryer, Pets Welcome",,4379,2,1.0,https://sfbay.craigslist.org/sfc/apa/d/san-francisco-bicycle-parking-washer/7921902590.html,37.7752730157458,-122.415909631016,San Francisco,2026-03-18 01:00:05.570076+00:00,craigslist,,,,
New Two Bedroom Unit Few Blocks from Piedmont Ave,,2185,2,1.0,https://sfbay.craigslist.org/eby/apa/d/san-francisco-new-two-bedroom-unit-few/7919169829.html,37.7195013039708,-122.441099147519,San Francisco,2026-03-18 01:20:05.592343+00:00,craigslist,,,,
"Gated, EV Charging, Washer and Dryer, Mid-Market, Pets Ok!",,4379,2,1.0,https://sfbay.craigslist.org/sfc/apa/d/san-francisco-gated-ev-charging-washer/7921911235.html,37.7752730157458,-122.415909631016,San Francisco,2026-03-18 01:40:05.248801+00:00,craigslist,,,,
Large Beautiful Light-filled Victorian - light filled,,4500,3,1.0,https://sfbay.craigslist.org/sfc/apa/d/san-francisco-large-beautiful-light/7921922611.html,37.775177331794,-122.428832121126,San Francisco,2026-03-18 03:20:05.448111+00:00,craigslist,,,,
"Stainless Steel Appliances, Bicycle Parking, SoMa Life, EV Charging",,4379,2,1.0,https://sfbay.craigslist.org/sfc/apa/d/san-francisco-stainless-steel/7921927371.html,37.7752730157458,-122.415909631016,San Francisco,2026-03-18 04:20:05.027716+00:00,craigslist,,,,
2-Bath 2-Bedroom plus Office Room,Way Out There,2800,2,2.0,https://sfbay.craigslist.org/sfc/apa/d/san-francisco-bath-bedroom-plus-office/7921926432.html,37.7472215750555,-122.484662274596,San Francisco,2026-03-18 04:40:05.599576+00:00,craigslist,34.0,22nd St,,
Spacious 1BD (2nd BD Option) w/Shared Yard/W&D Blocks From NorthBeach,,3350,2,1.0,https://sfbay.craigslist.org/sfc/apa/d/san-francisco-spacious-1bd-2nd-bd/7921929611.html,37.804342602438,-122.409188836079,San Francisco,2026-03-18 05:00:05.059153+00:00,craigslist,,,,
Captivating 2 BR/1.5 BA with Spacious Floorplans & Bike Storage,,3593,2,2.0,https://sfbay.craigslist.org/pen/apa/d/san-francisco-captivating-br-15-ba-with/7921929247.html,37.7072342775777,-122.415895880029,San Francisco,2026-03-18 05:00:05.059874+00:00,craigslist,,,,
Newly remolded Victorian home near Dolores park,,1259,2,2.0,https://sfbay.craigslist.org/sfc/apa/d/san-francisco-newly-remolded-victorian/7921930965.html,37.7724999000175,-122.414693814574,San Francisco,2026-03-18 05:20:05.432899+00:00,craigslist,,,,
2 Bedrooms and 1 Bath in-law,,2000,2,1.0,https://sfbay.craigslist.org/sfc/apa/d/san-francisco-bedrooms-and-bath-in-law/7920691409.html,37.7178993139756,-122.470605901009,San Francisco,2026-03-18 06:40:05.388269+00:00,craigslist,,,,
2 bedroom 1 bath,,3395,2,1.0,https://sfbay.craigslist.org/sfc/apa/d/san-francisco-bedroom-bath/7918863673.html,37.7218406906482,-122.458188186716,San Francisco,2026-03-18 07:40:05.171861+00:00,craigslist,,,,
Brand New Modern Ground Level Apartment Available,Way Out There,4000,2,1.0,https://sfbay.craigslist.org/sfc/apa/d/san-francisco-brand-new-modern-ground/7918927578.html,37.7789748960599,-122.47729174552,San Francisco,2026-03-18 09:00:04.680717+00:00,craigslist,26.0,4th & King,,
"**Two-bedroom, Two bathroom, bottom floor apartment!**",Castro/Noe,1300,2,2.0,https://sfbay.craigslist.org/sfc/apa/d/san-francisco-two-bedroom-two-bathroom/7921938729.html,37.7661692893394,-122.428204159383,San Francisco,2026-03-18 09:00:04.681457+00:00,craigslist,,,,
"!@A pet-friendly, smoke-free community  ideal choice for urban living",,1790,2,1.0,https://sfbay.craigslist.org/sfc/apa/d/san-francisco-pet-friendly-smoke-free/7921940462.html,37.7879359559753,-122.418696497731,San Francisco,2026-03-18 09:40:05.014462+00:00,craigslist,,,,
2 bedrooms and a full bath are on the upper level,,1400,2,1.0,https://sfbay.craigslist.org/sfc/apa/d/san-francisco-bedrooms-and-full-bath/7921945656.html,37.7232134975252,-122.473419696741,San Francisco,2026-03-18 11:20:05.603377+00:00,craigslist,,,,
2BR at The George,,1100,2,1.0,https://sfbay.craigslist.org/sfc/apa/d/san-francisco-2br-at-the-george/7921946070.html,37.7816454523429,-122.406760640944,San Francisco,2026-03-18 12:20:05.498244+00:00,craigslist,,,,
"Jordan Park, 2br, 1 ba, corner unit, great kit, frplc,pantry, pkg avai",,5295,2,1.0,https://sfbay.craigslist.org/sfc/apa/d/san-francisco-jordan-park-2br-ba-corner/7915660718.html,37.7797982364115,-122.456016676673,San Francisco,2026-03-18 14:20:04.769781+00:00,craigslist,,,,
"Washer and Dryer, SoMa Life, Expansive Windows w/ City Views",,4379,2,1.0,https://sfbay.craigslist.org/sfc/apa/d/san-francisco-washer-and-dryer-soma/7921976982.html,37.7752730157458,-122.415909631016,San Francisco,2026-03-18 15:00:05.165374+00:00,craigslist,,,,
"Pets Welcome, Now Showing, Pet Park, Stainless Steel Appliances",,4379,2,1.0,https://sfbay.craigslist.org/sfc/apa/d/san-francisco-pets-welcome-now-showing/7921996400.html,37.7752730157458,-122.415909631016,San Francisco,2026-03-18 16:20:05.432435+00:00,craigslist,,,,
"Impeccable 2 BR/2.5 BA with Lounge & Sun Deck, Apply Now",,3981,2,3.0,https://sfbay.craigslist.org/pen/apa/d/san-francisco-impeccable-br-25-ba-with/7921995292.html,37.7072342775777,-122.415895880029,San Francisco,2026-03-18 16:20:05.433167+00:00,craigslist,,,,
Pet Friendly 2BR with In Unit Washer & Dryer! Unit #106,Way Out There,4275,2,1.0,https://sfbay.craigslist.org/sfc/apa/d/san-francisco-pet-friendly-2br-with-in/7921994744.html,37.7852247196889,-122.479730826854,San Francisco,2026-03-18 16:20:05.433836+00:00,craigslist,29.0,4th & King,,
Large Garden Level Hayes Valley 2bd! Rentals In SF,,3600,2,1.0,https://sfbay.craigslist.org/sfc/apa/d/san-francisco-large-garden-level-hayes/7921994102.html,37.7763679380922,-122.427001520971,San Francisco,2026-03-18 16:20:05.434444+00:00,craigslist,,,,
Freshly Updated Bedrooms with Brand-New Carpet,Duboce,2425,2,2.0,https://sfbay.craigslist.org/sby/apa/d/san-francisco-freshly-updated-bedrooms/7922002755.html,37.7752764534926,-122.437861935977,San Francisco,2026-03-18 17:00:05.335706+00:00,craigslist,,,,
"Remodeled, New H/W (306 20th Avenue)",Way Out There,4895,3,2.0,https://sfbay.craigslist.org/sfc/apa/d/san-francisco-remodeled-new-w-th-avenue/7922004767.html,37.7821439256246,-122.479512529934,San Francisco,2026-03-18 17:00:05.336520+00:00,craigslist,28.0,4th & King,,
Large 2 Bedroom W/ A View!!,Castro/Noe,4495,2,1.0,https://sfbay.craigslist.org/sfc/apa/d/san-francisco-large-bedroom-a-view/7922004635.html,37.7679884303389,-122.428313021364,San Francisco,2026-03-18 17:00:05.337135+00:00,craigslist,12.0,4th & King,,
Updated Spacious 2BR/1BA Right By Golden Gate Park,NOPA/Inner Richmond,5450,2,1.0,https://sfbay.craigslist.org/sfc/apa/d/san-francisco-updated-spacious-2br-1ba/7922014045.html,37.7728963868117,-122.454281760469,San Francisco,2026-03-18 17:20:05.048753+00:00,craigslist,21.0,4th & King,,
Spacious 4-bedroom on Irving St,Way Out There,4400,4,2.0,https://sfbay.craigslist.org/sfc/apa/d/san-francisco-spacious-bedroom-on/7922010972.html,37.7631360507722,-122.48676617562,San Francisco,2026-03-18 17:20:05.049552+00:00,craigslist,35.0,4th & King,,
TOP FLOOR RUSSIAN HILL 2 BR,,4800,2,1.0,https://sfbay.craigslist.org/sfc/apa/d/san-francisco-top-floor-russian-hill-br/7922021252.html,37.8003399192814,-122.423605600119,San Francisco,2026-03-18 17:40:05.439717+00:00,craigslist,,,,
Cozy 2 BR/1.5 BA with Security Systems & Package Service,,3886,2,2.0,https://sfbay.craigslist.org/pen/apa/d/san-francisco-cozy-br-15-ba-with/7922021155.html,37.7072342775777,-122.415895880029,San Francisco,2026-03-18 17:40:05.440440+00:00,craigslist,,,,
TMLP 13-mo. | Modern Living in the Heart of the City! 33 8th Street at Trinity P,,4161,2,1.0,https://sfbay.craigslist.org/sfc/apa/d/san-francisco-tmlp-13-mo-modern-living/7922019311.html,37.778401365307,-122.414338580742,San Francisco,2026-03-18 17:40:05.441137+00:00,craigslist,,,,
**Lovely Modern 2 BDR/ 1 BA Condo in Great Location**,Duboce,2575,2,1.0,https://sfbay.craigslist.org/sfc/apa/d/san-francisco-lovely-modern-bdr-ba/7922014320.html,37.7725646442483,-122.430526357326,San Francisco,2026-03-18 17:40:05.441784+00:00,craigslist,,,,
Updated Compact 2BR/1BA Laundry In Unit Close To Presidio Pets OK,Way Out There,4275,2,1.0,https://sfbay.craigslist.org/sfc/apa/d/san-francisco-updated-compact-2br-1ba/7922015968.html,37.7852247196889,-122.479730826854,San Francisco,2026-03-18 17:40:05.442460+00:00,craigslist,29.0,4th & King,,
2-Level Victorian Unit For Rent,,5200,4,2.0,https://sfbay.craigslist.org/sfc/apa/d/san-francisco-level-victorian-unit-for/7922025851.html,37.7315769624603,-122.38834291262,San Francisco,2026-03-18 18:00:04.921727+00:00,craigslist,,,,
No Carpet Anymore! Right At Lafayette Park 2BR/1BA  Pet Friendly,,5195,2,1.0,https://sfbay.craigslist.org/sfc/apa/d/san-francisco-no-carpet-anymore-right/7922024461.html,37.7907606379051,-122.426715042073,San Francisco,2026-03-18 18:00:04.922454+00:00,craigslist,,,,
500 Stanyan St - 106,NOPA/Inner Richmond,5345,2,1.0,https://sfbay.craigslist.org/sfc/apa/d/san-francisco-500-stanyan-st-106/7922015916.html,37.7728963868117,-122.454281760469,San Francisco,2026-03-18 18:00:04.923723+00:00,craigslist,21.0,4th & King,,
"Grilling stations with dining areas, Microwave, Walk-in showers",,3639,2,2.0,https://sfbay.craigslist.org/sfc/apa/d/san-francisco-grilling-stations-with/7922021455.html,37.7816185233265,-122.412125817737,San Francisco,2026-03-18 18:00:04.924330+00:00,craigslist,,,,
Elegant 2BR Victorian in Prime SF Location,Duboce,1580,2,1.0,https://sfbay.craigslist.org/sfc/apa/d/san-francisco-elegant-2br-victorian-in/7922023587.html,37.7667250584007,-122.438285351788,San Francisco,2026-03-18 18:20:05.380828+00:00,craigslist,,,,
Top Floor Spacious Bright 2BR/1.5BA Laundry On Site Pet Friendly,,5360,2,2.0,https://sfbay.craigslist.org/sfc/apa/d/san-francisco-top-floor-spacious-bright/7922030932.html,37.7884281267213,-122.440507855075,San Francisco,2026-03-18 18:20:05.381536+00:00,craigslist,,,,
Updated Great View! 2BR/2BA Laundry In Unit Close To GG Park,Way Out There,5349,2,2.0,https://sfbay.craigslist.org/sfc/apa/d/san-francisco-updated-great-view-2br/7922031727.html,37.7636683285638,-122.478201029541,San Francisco,2026-03-18 18:40:04.884150+00:00,craigslist,32.0,4th & King,,
"Bicycle Parking, Pets Welcome, Expansive Windows w/ City Views",,4379,2,1.0,https://sfbay.craigslist.org/sfc/apa/d/san-francisco-bicycle-parking-pets/7922042049.html,37.7752730157458,-122.415909631016,San Francisco,2026-03-18 19:00:05.323037+00:00,craigslist,,,,
2 BR/1 BA Apartment with Parking,,3300,2,1.0,https://sfbay.craigslist.org/sfc/apa/d/san-francisco-br-ba-apartment-with/7922050073.html,37.7243508187485,-122.458338874616,San Francisco,2026-03-18 19:40:05.333163+00:00,craigslist,,,,
Elegant 2BR Victorian in Prime SF Location,Duboce,1580,2,1.0,https://sfbay.craigslist.org/sfc/apa/d/san-francisco-elegant-2br-victorian-in/7922053501.html,37.7667250584007,-122.438285351788,San Francisco,2026-03-18 20:00:05.156420+00:00,craigslist,,,,
"40th/Wawona 3 bd 1 bath top floor of house, large deck and yard",Way Out There,4750,3,1.0,https://sfbay.craigslist.org/sfc/apa/d/san-francisco-40th-wawona-bd-bath-top/7922062997.html,37.7351356033256,-122.497402564128,San Francisco,2026-03-18 20:20:04.800292+00:00,craigslist,37.0,22nd St,,
Charming and sunny spacious 2-bedroom,Way Out There,2200,2,1.0,https://sfbay.craigslist.org/sfc/apa/d/san-francisco-charming-and-sunny/7922058274.html,37.7593006712918,-122.483594281266,San Francisco,2026-03-18 20:20:04.801022+00:00,craigslist,,,,
"3bd 1.5ba, Three Laundry Centers, Outdoor Terrace",,2081,3,2.0,https://sfbay.craigslist.org/sfc/apa/d/san-francisco-3bd-15ba-three-laundry/7922058724.html,37.7893122005991,-122.39238627578,San Francisco,2026-03-18 20:20:04.801687+00:00,craigslist,,,,
Top floor remodeled and updated 2 bedroom 1 bath,,2500,2,1.0,https://sfbay.craigslist.org/sfc/apa/d/san-francisco-top-floor-remodeled-and/7922054915.html,37.7812014100517,-122.461398469242,San Francisco,2026-03-18 20:40:04.800021+00:00,craigslist,,,,
Rent controlled apt in Sunny Mission! Condo Quality!  ~ J.Wavro,"Mission,Chill Mission",4295,2,1.0,https://sfbay.craigslist.org/sfc/apa/d/san-francisco-rent-controlled-apt-in/7922066245.html,37.7582693472606,-122.4100356677,San Francisco,2026-03-18 20:40:04.800769+00:00,craigslist,8.0,22nd St,,
"Enjoy the most beautiful awesome two bedroom, one bath",Way Out There,2500,2,1.0,https://sfbay.craigslist.org/sfc/apa/d/san-francisco-enjoy-the-most-beautiful/7922055895.html,37.7785996087041,-122.489197235545,San Francisco,2026-03-18 20:40:04.801440+00:00,craigslist,,,,
"SoMa Life, EV Charging, 360 View Rooftop Deck, Pets Welcome",,4379,2,1.0,https://sfbay.craigslist.org/sfc/apa/d/san-francisco-soma-life-ev-charging-360/7922064456.html,37.7752730157458,-122.415909631016,San Francisco,2026-03-18 20:40:04.802007+00:00,craigslist,,,,
"Floor-to-Ceiling Windows, Three Laundry Centers, 2BD 1BA",,2390,2,1.0,https://sfbay.craigslist.org/sfc/apa/d/san-francisco-floor-to-ceiling-windows/7922073030.html,37.7893122005991,-122.39238627578,San Francisco,2026-03-18 21:00:05.420709+00:00,craigslist,,,,
"Two bedrooms, top floor unit",,3500,2,1.0,https://sfbay.craigslist.org/sfc/apa/d/san-francisco-two-bedrooms-top-floor/7922078401.html,37.7981643985334,-122.412098315763,San Francisco,2026-03-18 21:20:05.568080+00:00,craigslist,,,,
"Furnished Near N-Judah Muni, Washer/Dryer on site",Way Out There,4000,2,2.0,https://sfbay.craigslist.org/sfc/apa/d/san-francisco-furnished-near-judah-muni/7922072988.html,37.7575416908608,-122.486383439813,San Francisco,2026-03-18 21:20:05.568849+00:00,craigslist,32.0,4th & King,,
***Comfortable 2-Bedroom Apartment with Hardwood Floors & Garage**,,1980,2,2.0,https://sfbay.craigslist.org/sfc/apa/d/san-francisco-comfortable-bedroom/7922072519.html,37.800947827502,-122.427835174563,San Francisco,2026-03-18 21:20:05.569454+00:00,craigslist,,,,
"2 bedrooms, 2 bathrooms on 1st floor",Way Out There,3800,2,2.0,https://sfbay.craigslist.org/sfc/apa/d/san-francisco-bedrooms-bathrooms-on-1st/7922079609.html,37.7823083645118,-122.478446828435,San Francisco,2026-03-18 21:40:05.607870+00:00,craigslist,28.0,4th & King,,
"Quiet Top-Floor 2-Bedroom, 2-Bathroom - Laundry in Unit!",,4195,2,2.0,https://sfbay.craigslist.org/sfc/apa/d/san-francisco-quiet-top-floor-bedroom/7919909346.html,37.8016445441809,-122.42461114105,San Francisco,2026-03-18 22:00:04.891954+00:00,craigslist,,,,
Open House 3/21/26 12-1PM!  2 BDRM upper floor apartment homes!,,4850,2,1.0,https://sfbay.craigslist.org/sfc/apa/d/san-francisco-open-house-pm-bdrm-upper/7922088837.html,37.7930897113422,-122.479143545114,San Francisco,2026-03-18 22:20:05.269950+00:00,craigslist,,,,
"Ideal 2 BR/1.5 BA with Gated Community, Bike Storage Available",,3826,2,2.0,https://sfbay.craigslist.org/pen/apa/d/san-francisco-ideal-br-15-ba-with-gated/7922088783.html,37.7072342775777,-122.415895880029,San Francisco,2026-03-18 22:20:05.270667+00:00,craigslist,,,,
Prime North Beach 2BR – Top Floor & Newly Painted,,3595,2,1.0,https://sfbay.craigslist.org/sfc/apa/d/san-francisco-prime-north-beach-2br-top/7921457207.html,37.8001995446216,-122.409109767903,San Francisco,2026-03-18 22:40:05.276292+00:00,craigslist,,,,
"Great Location, Now Showing, Pet Park, Pets Welcome",,4379,2,1.0,https://sfbay.craigslist.org/sfc/apa/d/san-francisco-great-location-now/7922099081.html,37.7752730157458,-122.415909631016,San Francisco,2026-03-18 23:00:05.464955+00:00,craigslist,,,,
Nice and Clean 2 Bedroom & 1 Bath Apartment for Rent. Available Now.,"Mission,Chill Mission",3500,2,1.0,https://sfbay.craigslist.org/sfc/apa/d/san-francisco-nice-and-clean-bedroom/7922094735.html,37.757689513972,-122.413477998133,San Francisco,2026-03-18 23:00:05.465735+00:00,craigslist,9.0,22nd St,,
Top Floor Apartment with Panoramic View of San Francisco,,5000,2,1.0,https://sfbay.craigslist.org/sfc/apa/d/san-francisco-top-floor-apartment-with/7922101124.html,37.7517021050132,-122.445702863403,San Francisco,2026-03-18 23:20:04.993507+00:00,craigslist,,,,
500 Stanyan #106 - Beautiful 2x1 - Pets OK - Private - Great Area,NOPA/Inner Richmond,5450,2,1.0,https://sfbay.craigslist.org/sfc/apa/d/san-francisco-500-stanyan-beautiful-2x1/7922108923.html,37.7728963868117,-122.454281760469,San Francisco,2026-03-19 00:00:05.363206+00:00,craigslist,21.0,4th & King,,
"Stunning 2 BR/1.5 BA with Walk-In Closets, First Month Free!",,3593,2,2.0,https://sfbay.craigslist.org/pen/apa/d/san-francisco-stunning-br-15-ba-with/7922114936.html,37.7072342775777,-122.415895880029,San Francisco,2026-03-19 00:20:05.409748+00:00,craigslist,,,,
TMLP 13-mo. | Live at the Center of Modern Conveniences & Entertainment.,,4161,2,1.0,https://sfbay.craigslist.org/sfc/apa/d/san-francisco-tmlp-13-mo-live-at-the/7922114908.html,37.778401365307,-122.414338580742,San Francisco,2026-03-19 00:20:05.410574+00:00,craigslist,,,,
"2/BD 2/BA, Back-lit LED mirrors, USB outlets",,5142,2,2.0,https://sfbay.craigslist.org/sfc/apa/d/san-francisco-bd-ba-back-lit-led/7922114830.html,37.7724999000175,-122.414693814574,San Francisco,2026-03-19 00:20:05.411221+00:00,craigslist,,,,
"WiFi-enabled smart thermostats, Bike storage, 2/bd 2/ba",,4849,2,2.0,https://sfbay.craigslist.org/sfc/apa/d/san-francisco-wifi-enabled-smart/7922113946.html,37.7724999000175,-122.414693814574,San Francisco,2026-03-19 00:20:05.411836+00:00,craigslist,,,,
"EV Charging, 360 View Rooftop Deck, SoMa Life",,4379,2,1.0,https://sfbay.craigslist.org/sfc/apa/d/san-francisco-ev-charging-360-view/7922112620.html,37.7752730157458,-122.415909631016,San Francisco,2026-03-19 00:20:05.412433+00:00,craigslist,,,,
"!! Only 1550$ Brand new 2 bedroom, 1 bath ..//",,1550,2,1.0,https://sfbay.craigslist.org/sfc/apa/d/san-francisco-only-1550-brand-new/7922115894.html,37.7129512504572,-122.399503557511,San Francisco,2026-03-19 01:00:05.443936+00:00,craigslist,,,,
"Pet Park, Stainless Steel Appliances, EV Charging, Now Showing",,4379,2,1.0,https://sfbay.craigslist.org/sfc/apa/d/san-francisco-pet-park-stainless-steel/7922123735.html,37.7752730157458,-122.415909631016,San Francisco,2026-03-19 01:20:05.619811+00:00,craigslist,,,,
House For Rent,,4000,3,3.0,https://sfbay.craigslist.org/sfc/apa/d/san-francisco-house-for-rent/7922122714.html,37.7306378846341,-122.401688818541,San Francisco,2026-03-19 01:20:05.620543+00:00,craigslist,,,,
2 BDRM Flat.  Hermann Street,Duboce,4450,2,1.0,https://sfbay.craigslist.org/sfc/apa/d/san-francisco-bdrm-flat-hermann-street/7922128747.html,37.7705398114005,-122.427730896244,San Francisco,2026-03-19 02:20:04.929294+00:00,craigslist,13.0,4th & King,,
Mission/3201 23rd&South Van ness/W/D in unit/Den/Office/Top Floor!!!,Mission,3595,2,1.0,https://sfbay.craigslist.org/sfc/apa/d/san-francisco-mission-rdsouth-van-ness/7922136300.html,37.7539698719662,-122.416414979791,San Francisco,2026-03-19 03:20:04.718047+00:00,craigslist,9.0,22nd St,,
"2 bedrooms, 2 bathrooms, washer and dryer in unit",,1855,2,2.0,https://sfbay.craigslist.org/sfc/apa/d/san-francisco-bedrooms-bathrooms-washer/7922134254.html,37.7870415688571,-122.453530039842,San Francisco,2026-03-19 03:20:04.718963+00:00,craigslist,,,,
Mission/3201 23rd&South Van ness/W/D in unit/Den/Office/Coming Soon!,Mission,3695,2,1.0,https://sfbay.craigslist.org/sfc/apa/d/san-francisco-mission-rdsouth-van-ness/7922135619.html,37.7539698719662,-122.416414979791,San Francisco,2026-03-19 03:20:04.720096+00:00,craigslist,9.0,22nd St,,
Outer Sunset bright rental unit in convenient location,Way Out There,2950,2,1.0,https://sfbay.craigslist.org/sfc/apa/d/san-francisco-outer-sunset-bright/7922136859.html,37.7521186453302,-122.506423211654,San Francisco,2026-03-19 03:40:05.683590+00:00,craigslist,46.0,4th & King,,
Beautiful Victorian 2BD / 1BT Home,Haight/Cole Valley,1572,2,1.0,https://sfbay.craigslist.org/sfc/apa/d/san-francisco-beautiful-victorian-2bd/7922141149.html,37.7711987128648,-122.441309995988,San Francisco,2026-03-19 04:40:04.964340+00:00,craigslist,,,,
"Effortless Commute, 2 BR/2.5 BA with In Unit Washer/Dryer",,3981,2,3.0,https://sfbay.craigslist.org/pen/apa/d/san-francisco-effortless-commute-br-25/7922142284.html,37.7072342775777,-122.415895880029,San Francisco,2026-03-19 04:40:04.965221+00:00,craigslist,,,,
Bright 2BR Apartment in Lower Pacific Heights with Dining Area,,1200,2,1.0,https://sfbay.craigslist.org/sfc/apa/d/san-francisco-bright-2br-apartment-in/7922141306.html,37.7838140975973,-122.443626464354,San Francisco,2026-03-19 04:40:04.965877+00:00,craigslist,,,,
"Now Touring, Bike Stor, Great MidMar SOMA location, 360 Rooftop Views!",,4379,2,1.0,https://sfbay.craigslist.org/sfc/apa/d/san-francisco-now-touring-bike-stor/7922143885.html,37.7752730157458,-122.415909631016,San Francisco,2026-03-19 05:00:05.669903+00:00,craigslist,,,,
Bright & Charming 2BD/2BA Unit – Prime Nob Hill Location,,1450,2,2.0,https://sfbay.craigslist.org/sfc/apa/d/san-francisco-bright-charming-2bd-2ba/7922145160.html,37.7932054488168,-122.421633479389,San Francisco,2026-03-19 05:40:05.213052+00:00,craigslist,,,,
"2-bed Bush St near Broderick, Baker St Apartment",,3635,2,2.0,https://sfbay.craigslist.org/sfc/apa/d/san-francisco-bed-bush-st-near/7922146736.html,37.7859008098871,-122.44226053297,San Francisco,2026-03-19 06:00:05.709626+00:00,craigslist,,,,
A BEAUTIFUL PROPERTY,Potrero Hill,3800,2,2.0,https://sfbay.craigslist.org/sfc/apa/d/san-francisco-beautiful-property/7922146532.html,37.7640716908516,-122.403464987706,San Francisco,2026-03-19 06:20:05.438973+00:00,craigslist,,,,
"Two bed Pacific ave, Gough, Octavia st apartment",,3465,2,2.0,https://sfbay.craigslist.org/sfc/apa/d/san-francisco-two-bed-pacific-ave-gough/7922148000.html,37.7942573993286,-122.427616304685,San Francisco,2026-03-19 06:20:05.439726+00:00,craigslist,,,,
Beautiful 2BR/1BA Apartment for Rent – Available Now!,,1499,2,1.0,https://sfbay.craigslist.org/sfc/apa/d/san-francisco-beautiful-2br-1ba/7922146691.html,37.7746891717526,-122.420841078758,San Francisco,2026-03-19 06:20:05.440314+00:00,craigslist,,,,
Spacious 2 Bed / 2 Bath Home,,1622,2,2.0,https://sfbay.craigslist.org/sfc/apa/d/san-francisco-spacious-bed-bath-home/7922146465.html,37.799899314737,-122.434205319329,San Francisco,2026-03-19 06:20:05.440872+00:00,craigslist,,,,
Beautifull & Cozy 1BR – Partly Furnished & Available Now,,1680,2,1.0,https://sfbay.craigslist.org/sfc/apa/d/san-francisco-beautifull-cozy-1br/7922147316.html,37.7763679380922,-122.427001520971,San Francisco,2026-03-19 06:20:05.441438+00:00,craigslist,,,,
Welcome to this charming 2 beds  1 baths House,Way Out There,900,2,1.0,https://sfbay.craigslist.org/sfc/apa/d/san-francisco-welcome-to-this-charming/7922149163.html,37.7536788094063,-122.466657648843,San Francisco,2026-03-19 06:40:05.366883+00:00,craigslist,,,,
"RECENTLY REMODELED TWO 2BR/1BATH UNIT. *GREAT PRICE AT $1,249 MO*",Way Out There,1249,2,1.0,https://sfbay.craigslist.org/sfc/apa/d/san-francisco-recently-remodeled-two/7922147802.html,37.7593006712918,-122.483594281266,San Francisco,2026-03-19 06:40:05.367656+00:00,craigslist,,,,
Spacious Top-Floor– 2BR + Office Edwardian Condo with Private Terrace,Castro/Noe,1165,2,2.0,https://sfbay.craigslist.org/sfc/apa/d/san-francisco-spacious-top-floor-2br/7922149081.html,37.7661692893394,-122.428204159383,San Francisco,2026-03-19 06:40:05.368281+00:00,craigslist,,,,
Great 3 bed 2 bath home,,1050,3,2.0,https://sfbay.craigslist.org/sfc/apa/d/san-francisco-great-bed-bath-home/7922148731.html,37.7232134975252,-122.473419696741,San Francisco,2026-03-19 06:40:05.368855+00:00,craigslist,,,,
"This 2 bedroom, 1 bathroom single family home",Way Out There,900,2,1.0,https://sfbay.craigslist.org/sfc/apa/d/san-francisco-this-bedroom-bathroom/7922148725.html,37.7499981285305,-122.478323069551,San Francisco,2026-03-19 06:40:05.369410+00:00,craigslist,,,,
Beautifull & Cozy 2BR – Partly Furnished & Available Now,,1680,2,1.0,https://sfbay.craigslist.org/sfc/apa/d/san-francisco-beautifull-cozy-2br/7922147316.html,37.7763679380922,-122.427001520971,San Francisco,2026-03-19 06:40:05.372302+00:00,craigslist,,,,
Beautiful 3BR / 2BA House for Rent – Move-In Ready!,Way Out There,1710,3,2.0,https://sfbay.craigslist.org/sfc/apa/d/san-francisco-beautiful-3br-2ba-house/7922148984.html,37.7790946442391,-122.506491393632,San Francisco,2026-03-19 07:00:05.098616+00:00,craigslist,,,,
Bright & Modern 2BR 1BA – Home w/ Backyard Retreat,Way Out There,1650,2,1.0,https://sfbay.craigslist.org/sfc/apa/d/san-francisco-bright-modern-2br-1ba/7922150082.html,37.7629549961089,-122.481383810093,San Francisco,2026-03-19 07:00:05.099386+00:00,craigslist,,,,
Renovated 2-Bedroom Top-Floor Flat in Noe Valley,Castro/Noe,1200,2,1.0,https://sfbay.craigslist.org/sfc/apa/d/san-francisco-renovated-bedroom-top/7922149406.html,37.7427954760883,-122.428313021364,San Francisco,2026-03-19 07:00:05.100030+00:00,craigslist,,,,
Classic 3BR 1.5BA – Victorian w/ Wood Floors,Bernal,1995,3,2.0,https://sfbay.craigslist.org/sfc/apa/d/san-francisco-classic-3br-15ba/7922149402.html,37.7485055734743,-122.406620266284,San Francisco,2026-03-19 07:00:05.100633+00:00,craigslist,,,,
"Spacious, recently remodeled 3 bedroom / 3 bathroom hom",,1750,3,3.0,https://sfbay.craigslist.org/sfc/apa/d/san-francisco-spacious-recently/7922151401.html,37.7604614837847,-122.445579677477,San Francisco,2026-03-19 07:40:04.901373+00:00,craigslist,,,,
Iconic  2BR/2BA King St Apartment,,3465,2,2.0,https://sfbay.craigslist.org/sfc/apa/d/san-francisco-iconic-2br-2ba-king-st/7922151350.html,37.7780151917531,-122.39197832983,San Francisco,2026-03-19 07:40:04.902100+00:00,craigslist,,,,
Nice Berry St 2 bed 2 bath modern condo,Potrero Hill,4005,2,2.0,https://sfbay.craigslist.org/sfc/apa/d/san-francisco-nice-berry-st-bed-bath/7922151347.html,37.7736475344811,-122.396061227078,San Francisco,2026-03-19 07:40:04.902709+00:00,craigslist,,,,
2 BR/1 BA Apartment with Parking,,3300,2,1.0,https://sfbay.craigslist.org/sfc/apa/d/san-francisco-br-ba-apartment-with/7924339575.html,37.7243508187485,-122.458338874616,San Francisco,2026-03-29 20:00:05.050449+00:00,craigslist,,,,
Large Bright Two Bedroom with Period Details,Castro/Noe,5500,2,1.0,https://sfbay.craigslist.org/sfc/apa/d/san-francisco-large-bright-two-bedroom/7924365668.html,37.7506639054885,-122.427329825788,San Francisco,2026-03-29 22:40:05.433828+00:00,craigslist,13.0,22nd St,,
HUGE Furnished Bedrooms in Marina – Utilities Included – Prime Location,NOPA/Inner Richmond,2000,3,2.0,https://sfbay.craigslist.org/sfc/apa/d/san-francisco-huge-furnished-bedrooms/7924404602.html,37.7768984970105,-122.446008249908,San Francisco,2026-03-30 02:40:05.479649+00:00,craigslist,,,,
"3 bedroom, Video entry system, Bicycle rack",,4395,3,1.0,https://sfbay.craigslist.org/sfc/apa/d/san-francisco-bedroom-video-entry/7924489687.html,37.7806519435262,-122.404762737112,San Francisco,2026-03-30 17:00:05.357826+00:00,craigslist,,,,
Spacious 3 Bed/2 Bath Flat with Stunning City Views - AMSI,,4000,3,2.0,https://sfbay.craigslist.org/sfc/apa/d/san-francisco-spacious-bed-bath-flat/7924524059.html,37.7353985909536,-122.457095556201,San Francisco,2026-03-30 18:40:05.579839+00:00,craigslist,,,,
Full floor unit on 41st Avenue and Sloat in Outer Sunset,Way Out There,2600,2,1.0,https://sfbay.craigslist.org/sfc/apa/d/san-francisco-full-floor-unit-on-41st/7924583368.html,37.7344010714323,-122.499197067943,San Francisco,2026-03-30 22:00:05.416015+00:00,craigslist,37.0,22nd St,,
MODERN 2BR+DEN /1BA in HEART OF SF!,,3495,2,1.0,https://sfbay.craigslist.org/sfc/apa/d/san-francisco-modern-2brden-1ba-in/7924643034.html,37.7840530209979,-122.431864786736,San Francisco,2026-03-31 06:20:05.290853+00:00,craigslist,,,,
"3/BD, Recycling and compost service, On-Site Laundry",,4395,3,1.0,https://sfbay.craigslist.org/sfc/apa/d/san-francisco-bd-recycling-and-compost/7924746547.html,37.7806519435262,-122.404762737112,San Francisco,2026-03-31 19:00:04.906814+00:00,craigslist,,,,
Furnished 2 bedroom,Mission,4000,2,,https://sfbay.craigslist.org/sfc/apa/d/san-francisco-furnished-bedroom/7924788886.html,37.7558617786056,-122.422803459206,San Francisco,2026-03-31 21:20:05.684149+00:00,craigslist,12.0,22nd St,,
"On-Site Management, Co-Working Space, Green Building",,5065,2,2.0,https://sfbay.craigslist.org/sfc/apa/d/san-francisco-on-site-management-co/7925434374.html,37.7796171817482,-122.40621060146,San Francisco,2026-04-06 18:20:05.289205+00:00,craigslist,,,,
2 Bedroom in Russian Hill with Parking Available!,,4850,2,1.0,https://sfbay.craigslist.org/sfc/apa/d/san-francisco-bedroom-in-russian-hill/7926038632.html,37.801303061335,-122.424542959072,San Francisco,2026-04-06 21:20:05.382808+00:00,craigslist,,,,
Bright 2bd apt | W/D inside | Fully-updated kitchen,,4695,2,1.0,https://sfbay.craigslist.org/sfc/apa/d/san-francisco-bright-2bd-apt-d-inside/7926142722.html,37.7924067456505,-122.3973859055,San Francisco,2026-04-07 15:57:26.529842+00:00,craigslist,,,,
Furnished Newly  Remodeled ! 2 br1ba,NOPA/Inner Richmond,3585,2,1.0,https://sfbay.craigslist.org/sfc/apa/d/san-francisco-furnished-newly-remodeled/7926113922.html,37.7756316873255,-122.448987630442,San Francisco,2026-04-07 15:57:26.532504+00:00,craigslist,21.0,4th & King,,
"Spacious, Sunny Bayview 3BR 2BA With Exclusive Backyard Access",,5500,3,2.0,https://sfbay.craigslist.org/sfc/apa/d/san-francisco-spacious-sunny-bayview/7926184502.html,37.7293263842411,-122.386034465664,San Francisco,2026-04-07 16:40:04.813805+00:00,craigslist,,,,
"Custom kitchen cabinetry, Package Receiving, Workshop",,5065,2,2.0,https://sfbay.craigslist.org/sfc/apa/d/san-francisco-custom-kitchen-cabinetry/7926183600.html,37.7796171817482,-122.40621060146,San Francisco,2026-04-07 16:40:04.814574+00:00,craigslist,,,,
Updated Top Floor Flat with W/D in Unit,Way Out There,4150,4,2.0,https://sfbay.craigslist.org/sfc/apa/d/san-francisco-updated-top-floor-flat/7926183111.html,37.7820041239226,-122.485331489301,San Francisco,2026-04-07 16:40:04.815837+00:00,craigslist,30.0,4th & King,,
Ground Floor Two Bedroom in Prime Location | Freshly Painted,"Bernal,Glen Park/Excelsior",4250,2,1.0,https://sfbay.craigslist.org/sfc/apa/d/san-francisco-ground-floor-two-bedroom/7926183002.html,37.7354358332103,-122.426564354173,San Francisco,2026-04-07 16:40:04.816464+00:00,craigslist,17.0,22nd St,,
"3/bd 1/ba, Video entry system, Situated in SF!",,4395,3,1.0,https://sfbay.craigslist.org/sfc/apa/d/san-francisco-bd-ba-video-entry-system/7926266731.html,37.7806519435262,-122.404762737112,San Francisco,2026-04-07 22:30:05.009422+00:00,craigslist,,,,
Spacious 2BR Apartment Near Union Square with In-Unit Laundry,,4495,2,1.0,https://sfbay.craigslist.org/sfc/apa/d/san-francisco-spacious-2br-apartment/7926315664.html,37.7907262604374,-122.408901784224,San Francisco,2026-04-08 02:10:05.679661+00:00,craigslist,,,,
Nice and cozy 2 bedrooms In-Law in outer mission,Glen Park/Excelsior,2300,2,1.0,https://sfbay.craigslist.org/sfc/apa/d/san-francisco-nice-and-cozy-bedrooms-in/7926323740.html,37.7195013039708,-122.441099147519,San Francisco,2026-04-08 03:30:04.973618+00:00,craigslist,25.0,22nd St,,
Artist Renovated Furnished Rental | Mission District,"Mission,Chill Mission",4500,2,1.0,https://sfbay.craigslist.org/sfc/apa/d/san-francisco-artist-renovated/7926332245.html,37.7590273704235,-122.412490218895,San Francisco,2026-04-08 05:50:05.673055+00:00,craigslist,8.0,22nd St,,
"High-speed Internet, Quartz countertops, Pet Spa",,5065,2,2.0,https://sfbay.craigslist.org/sfc/apa/d/san-francisco-high-speed-internet/7926405784.html,37.7796171817482,-122.40621060146,San Francisco,2026-04-08 16:30:05.246195+00:00,craigslist,,,,
"Spacious Master Bedroom for rent on June 1st in 3bd, 2ba Mission apt","Mission,Chill Mission",1650,3,2.0,https://sfbay.craigslist.org/sfc/apa/d/san-francisco-spacious-master-bedroom/7926441107.html,37.7528050487687,-122.41211206675,San Francisco,2026-04-08 18:50:05.619504+00:00,craigslist,,,,
"Controlled Access, HVAC, Resident Lounge",,5065,2,2.0,https://sfbay.craigslist.org/sfc/apa/d/san-francisco-controlled-access-hvac/7926460287.html,37.7796171817482,-122.40621060146,San Francisco,2026-04-08 19:30:05.418248+00:00,craigslist,,,,
"Bicycle rack, Cats and small dogs welcome, 3B/1B",,4295,3,1.0,https://sfbay.craigslist.org/sfc/apa/d/san-francisco-bicycle-rack-cats-and/7926476489.html,37.7806519435262,-122.404762737112,San Francisco,2026-04-08 22:30:05.248142+00:00,craigslist,,,,
Silver Terrace - Great 2br/1 bath,,2650,2,1.0,https://sfbay.craigslist.org/sfc/apa/d/san-francisco-silver-terrace-great-2br/7926497544.html,37.7309008722621,-122.388597878839,San Francisco,2026-04-08 22:50:05.106785+00:00,craigslist,,,,
4432 California St SF (7th Ave) Brand new 2/1 apt.  Close all,,3500,2,1.0,https://sfbay.craigslist.org/sfc/apa/d/san-francisco-4432-california-st-sf-7th/7926563808.html,37.7849479810738,-122.46492273264,San Francisco,2026-04-09 07:50:04.708754+00:00,craigslist,,,,
Remodeled large 2Bed/2Bath apt - Near the Marina! ~ J.Wavro,,5295,2,2.0,https://sfbay.craigslist.org/sfc/apa/d/san-francisco-remodeled-large-2bed/7926605090.html,37.8006951531144,-122.424187725239,San Francisco,2026-04-09 15:10:04.742066+00:00,craigslist,,,,
"HVAC, Rooftop Deck, Package Receiving",,5065,2,2.0,https://sfbay.craigslist.org/sfc/apa/d/san-francisco-hvac-rooftop-deck-package/7925384224.html,37.7796171817482,-122.40621060146,San Francisco,2026-04-09 21:00:05.812662+00:00,craigslist,,,,
"3BD 1BA, On-Site Laundry, Recycling and compost service",,4295,3,1.0,https://sfbay.craigslist.org/sfc/apa/d/san-francisco-3bd-1ba-on-site-laundry/7924947891.html,37.7806519435262,-122.404762737112,San Francisco,2026-04-09 21:20:04.948094+00:00,craigslist,,,,
Downstairs flat inside single family home,Glen Park/Excelsior,3000,2,1.0,https://sfbay.craigslist.org/sfc/apa/d/san-francisco-downstairs-flat-inside/7926737221.html,37.7185312864236,-122.430767572558,San Francisco,2026-04-09 23:40:05.506936+00:00,craigslist,23.0,22nd St,,
Rental Available,,3000,2,1.0,https://sfbay.craigslist.org/sfc/apa/d/san-francisco-rental-available/7926750930.html,37.7189988199844,-122.409598500903,San Francisco,2026-04-10 00:40:05.112354+00:00,craigslist,,,,
3 Bed 1.5 Bath (Second-Floor Unit),,3600,3,2.0,https://sfbay.craigslist.org/sfc/apa/d/san-francisco-bed-15-bath-second-floor/7926780712.html,37.7309008722621,-122.388597878839,San Francisco,2026-04-10 06:00:05.586846+00:00,craigslist,,,,
"3bd 1ba, Bicycle rack, Video entry system",,4395,3,1.0,https://sfbay.craigslist.org/sfc/apa/d/san-francisco-3bd-1ba-bicycle-rack/7926851403.html,37.7806519435262,-122.404762737112,San Francisco,2026-04-10 16:40:05.074802+00:00,craigslist,,,,
Lower Level 2 bedroom apartment located Heart of the Mission District,Mission,3200,2,1.0,https://sfbay.craigslist.org/sfc/apa/d/san-francisco-lower-level-bedroom/7926866487.html,37.7522383935094,-122.416810893627,San Francisco,2026-04-10 17:20:04.851394+00:00,craigslist,9.0,22nd St,,
Well maintained 3BD & 2BR for rent,,4198,3,2.0,https://sfbay.craigslist.org/sfc/apa/d/san-francisco-well-maintained-3bd-2br/7926882719.html,37.7089691937812,-122.440020267991,San Francisco,2026-04-10 18:00:05.040909+00:00,craigslist,,,,
"Remodeled 2BR,2BA; Furnished! Super Convenient Location!",Way Out There,4300,2,2.0,https://sfbay.craigslist.org/sfc/apa/d/san-francisco-remodeled-2br2ba/7925392696.html,37.7636104598265,-122.476056448514,San Francisco,2026-04-10 18:00:05.041766+00:00,craigslist,27.0,4th & King,,
Affordable SF Hostel for Students & IT Pros – Work. Stay.| 74 Turk St,,900,8,,https://sfbay.craigslist.org/sfc/apa/d/san-francisco-affordable-sf-hostel-for/7926924923.html,37.7832336913509,-122.410312979273,San Francisco,2026-04-10 21:00:05.564587+00:00,craigslist,,,,
"SF CA, Cats and small dogs welcome, 3/BD",,4395,3,1.0,https://sfbay.craigslist.org/sfc/apa/d/san-francisco-sf-ca-cats-and-small-dogs/7926952056.html,37.7806519435262,-122.404762737112,San Francisco,2026-04-10 23:20:05.342025+00:00,craigslist,,,,
"4br 1ba Large Apartment on Natoma Street / 7th St, Section 8 welcome",,4500,4,1.0,https://sfbay.craigslist.org/sfc/apa/d/san-francisco-4br-1ba-large-apartment/7926232330.html,37.7724999000175,-122.414693814574,San Francisco,2026-04-11 17:40:05.001360+00:00,craigslist,,,,
Room in Coed 3 bed 1.5 Bath 2075$ Central Richmond Avail in JUNE,Way Out There,2075,3,2.0,https://sfbay.craigslist.org/sfc/apa/d/san-francisco-room-in-coed-bed-15-bath/7927131653.html,37.7803339519499,-122.479389344008,San Francisco,2026-04-11 20:40:05.310069+00:00,craigslist,,,,
Newly Remodeled 2nd Floor Unit i,,3500,2,1.0,https://sfbay.craigslist.org/sfc/apa/d/san-francisco-newly-remodeled-2nd-floor/7927210687.html,37.7531430938678,-122.442027912105,San Francisco,2026-04-12 07:00:04.766773+00:00,craigslist,,,,
COMING SOON ~ COZY ANZA VISTA 2BD 1.5BA ~ W/D IN UNIT,,4395,2,2.0,https://sfbay.craigslist.org/sfc/apa/d/san-francisco-coming-soon-cozy-anza/7927276222.html,37.7845996227344,-122.445402060561,San Francisco,2026-04-12 17:40:05.204004+00:00,craigslist,,,,
"Fantastic views! Must See! Elegant, updated 2BR 1BA",,4350,2,1.0,https://sfbay.craigslist.org/sfc/apa/d/san-francisco-fantastic-views-must-see/7927303946.html,37.799759513035,-122.422015642238,San Francisco,2026-04-12 20:00:05.338840+00:00,craigslist,,,,
2 BR/1 BA Apartment with Parking,,3300,2,1.0,https://sfbay.craigslist.org/sfc/apa/d/san-francisco-br-ba-apartment-with/7927326515.html,37.7243508187485,-122.458338874616,San Francisco,2026-04-12 21:20:05.388839+00:00,craigslist,,,,
Bright & Spacious luxurious SomaGrand building,,4300,2,2.0,https://sfbay.craigslist.org/sfc/apa/d/san-francisco-bright-spacious-luxurious/7924831658.html,37.7779229455481,-122.412562984534,San Francisco,2026-04-13 01:00:05.405345+00:00,craigslist,,,,
"Cats and small dogs welcome, Video entry system, 3BD 1BA",,4295,3,1.0,https://sfbay.craigslist.org/sfc/apa/d/san-francisco-cats-and-small-dogs/7927488196.html,37.7806519435262,-122.404762737112,San Francisco,2026-04-13 18:20:05.475551+00:00,craigslist,,,,
"Stunning 2 Bed, 2 Bath Tower Apartment! Unit CM1252J",,3045,2,2.0,https://sfbay.craigslist.org/sfc/apa/d/san-francisco-stunning-bed-bath-tower/7927498214.html,37.7168135589539,-122.474294030336,San Francisco,2026-04-13 18:40:05.489442+00:00,craigslist,,,,
Spacious 2 Bedroom Townhome in Parkmerced! Unit VI522,,3925,2,1.0,https://sfbay.craigslist.org/sfc/apa/d/san-francisco-spacious-bedroom-townhome/7927498101.html,37.7154779943336,-122.48294110938,San Francisco,2026-04-13 18:40:05.490018+00:00,craigslist,,,,
Beautiful Brand new home with large storage,Way Out There,4500,3,2.0,https://sfbay.craigslist.org/sfc/apa/d/san-francisco-beautiful-brand-new-home/7925838621.html,37.7441001009878,-122.486301506848,San Francisco,2026-04-13 19:20:05.646055+00:00,craigslist,33.0,22nd St,,
2-3 Bed/One Bath Beautiful and spacious North Beach apt,,4600,2,1.0,https://sfbay.craigslist.org/sfc/apa/d/san-francisco-3-bed-one-bath-beautiful/7927509593.html,37.8016617329147,-122.407104415621,San Francisco,2026-04-13 20:00:05.441862+00:00,craigslist,,,,
Stunning 3-bedroom with living room and backyard,,4300,3,1.0,https://sfbay.craigslist.org/sfc/apa/d/san-francisco-stunning-bedroom-with/7927558203.html,37.7286772230593,-122.381567113735,San Francisco,2026-04-13 23:00:05.376256+00:00,craigslist,,,,
BRIGHT & WARM 2BR/1BA across from Japantown SF!,,3150,2,1.0,https://sfbay.craigslist.org/sfc/apa/d/san-francisco-bright-warm-2br-1ba/7927561687.html,37.7843228841194,-122.431550805864,San Francisco,2026-04-13 23:20:04.936074+00:00,craigslist,,,,
Prime Location! W/D. Parking. Backyard Access. Ocean View.,Way Out There,4895,3,2.0,https://sfbay.craigslist.org/sfc/apa/d/san-francisco-prime-location-d-parking/7927561957.html,37.7424849329634,-122.488541771827,San Francisco,2026-04-13 23:40:05.205629+00:00,craigslist,33.0,22nd St,,
"3/BD, Building surveillance, In SF",,4395,3,1.0,https://sfbay.craigslist.org/sfc/apa/d/san-francisco-bd-building-surveillance/7927587116.html,37.7806519435262,-122.404762737112,San Francisco,2026-04-14 01:20:05.348344+00:00,craigslist,,,,
"Recycling and compost service, Video entry system",,4395,3,1.0,https://sfbay.craigslist.org/sfc/apa/d/san-francisco-recycling-and-compost/7927594959.html,37.7806519435262,-122.404762737112,San Francisco,2026-04-14 02:40:04.987388+00:00,craigslist,,,,
[Video Tour Link providede] $1950 In-law unit near SFSU for rent,,1950,2,1.0,https://sfbay.craigslist.org/sfc/apa/d/san-francisco-video-tour-link-providede/7927610376.html,37.7325091647929,-122.480113562661,San Francisco,2026-04-14 04:40:04.935615+00:00,craigslist,,,,
Remodeled large 2Bed/2Bath apt - Near the Marina! ~ J.Wavro,,5295,2,2.0,https://sfbay.craigslist.org/sfc/apa/d/san-francisco-remodeled-large-2bed/7927727984.html,37.8001078713744,-122.424146472278,San Francisco,2026-04-14 19:00:05.033556+00:00,craigslist,,,,
SUPER QUIET! REAR FACING! BRIGHT/SUNNY w/ PRIVATE GARDEN! COME SEE!,,4995,2,1.0,https://sfbay.craigslist.org/sfc/apa/d/san-francisco-super-quiet-rear-facing/7927757758.html,37.7915358498019,-122.419106162555,San Francisco,2026-04-14 20:37:55.054416+00:00,craigslist,,,,
"Restored exterior façade, Bicycle rack",,4295,3,1.0,https://sfbay.craigslist.org/sfc/apa/d/san-francisco-restored-exterior-faade/7927754068.html,37.7806519435262,-122.404762737112,San Francisco,2026-04-14 21:00:04.908662+00:00,craigslist,,,,
Single Family Home in Great Location!,,4500,2,1.0,https://sfbay.craigslist.org/sfc/apa/d/san-francisco-single-family-home-in/7927761039.html,37.7126550312771,-122.432001723649,San Francisco,2026-04-14 21:00:04.909448+00:00,craigslist,,,,
2055 Sacramento #602 - Stunning 2x1 -Awesome Park View - Natural Light,,5395,2,1.0,https://sfbay.craigslist.org/sfc/apa/d/san-francisco-2055-sacramento-stunning/7927765208.html,37.7907606379051,-122.426715042073,San Francisco,2026-04-14 21:20:05.426729+00:00,craigslist,,,,
2055 Sacramento #402 - Charming 2x1 - Awesome Location - Parking,,5295,2,1.0,https://sfbay.craigslist.org/sfc/apa/d/san-francisco-2055-sacramento-charming/7927770262.html,37.7907606379051,-122.426715042073,San Francisco,2026-04-14 21:40:04.899560+00:00,craigslist,,,,
2055 Sacramento #407 - Awesome 2x1 - Awesome Views - Great Area,,5295,2,1.0,https://sfbay.craigslist.org/sfc/apa/d/san-francisco-2055-sacramento-awesome/7927769506.html,37.7907606379051,-122.426715042073,San Francisco,2026-04-14 21:40:04.900204+00:00,craigslist,,,,
2055 Sacramento #203 - Awesome 1x1 - WD in Unit - Great Area - Updated,,5195,2,1.0,https://sfbay.craigslist.org/sfc/apa/d/san-francisco-2055-sacramento-awesome/7927786696.html,37.7907606379051,-122.426715042073,San Francisco,2026-04-14 23:00:05.127370+00:00,craigslist,,,,
1908 Full-Floor Built-Ins (250sf Patio) 94109 High Ceilings Fireplace,,4900,2,1.0,https://sfbay.craigslist.org/sfc/apa/d/san-francisco-1908-full-floor-built-ins/7927817463.html,37.7973788733963,-122.418300010937,San Francisco,2026-04-15 02:20:05.661792+00:00,craigslist,,,,
Beautiful Large Primary Bedroom In Presidio Home,,2370,6,3.0,https://sfbay.craigslist.org/sfc/apa/d/san-francisco-beautiful-large-primary/7927831622.html,37.7812014100517,-122.461398469242,San Francisco,2026-04-15 04:40:04.778836+00:00,craigslist,,,,
"In-unit W/D Garage 3rd Street loft SF wood-burning stove, two entrance",,5200,2,2.0,https://sfbay.craigslist.org/sfc/apa/d/san-francisco-in-unit-d-garage-3rd/7927834132.html,37.7793811231367,-122.393410724318,San Francisco,2026-04-15 05:00:05.391633+00:00,craigslist,,,,
"Large 3 bed near City College, SF State, Balboa Park BART, and the 280",,4200,3,1.0,https://sfbay.craigslist.org/sfc/apa/d/san-francisco-large-bed-near-city/7927833493.html,37.7198599755505,-122.450190841812,San Francisco,2026-04-15 05:40:04.766036+00:00,craigslist,,,,
New and Modern 2 Bed / 2 Bath Condo for Rent - Central Location!,,5200,2,2.0,https://sfbay.craigslist.org/sfc/apa/d/san-francisco-new-and-modern-bed-bath/7927897361.html,37.7724999000175,-122.414693814574,San Francisco,2026-04-15 16:30:04.859914+00:00,craigslist,,,,
No Carpet Anymore! Right At Lafayette Park 2BR/1BA  Pet Friendly,,5195,2,1.0,https://sfbay.craigslist.org/sfc/apa/d/san-francisco-no-carpet-anymore-right/7927906707.html,37.7907606379051,-122.426715042073,San Francisco,2026-04-15 16:30:04.860501+00:00,craigslist,,,,
Updated Spacious 2BR/1BA Right By Golden Gate Park,NOPA/Inner Richmond,5450,2,1.0,https://sfbay.craigslist.org/sfc/apa/d/san-francisco-updated-spacious-2br-1ba/7927905606.html,37.7728963868117,-122.454281760469,San Francisco,2026-04-15 16:30:04.861168+00:00,craigslist,,,,
2 BR/1 BA Apartment with Parking,,3300,2,1.0,https://sfbay.craigslist.org/sfc/apa/d/san-francisco-br-ba-apartment-with/7927920232.html,37.7243508187485,-122.458338874616,San Francisco,2026-04-15 17:10:05.446201+00:00,craigslist,,,,
"Video entry system, Recycling and compost service",,4395,3,1.0,https://sfbay.craigslist.org/sfc/apa/d/san-francisco-video-entry-system/7927940419.html,37.7806519435262,-122.404762737112,San Francisco,2026-04-15 18:50:05.354524+00:00,craigslist,,,,
"Street Level  2-Bedroom, 2-Bathroom Unit in the Heart of San Francisco",Mission,4795,2,2.0,https://sfbay.craigslist.org/sfc/apa/d/san-francisco-street-level-bedroom/7928153218.html,37.7611753891973,-122.423764309429,San Francisco,2026-04-22 05:30:05.798428+00:00,craigslist,11.0,22nd St,3.0,16th St Mission
"Cats and small dogs welcome, On-Site Laundry, 3 bedroom",,4395,3,1.0,https://sfbay.craigslist.org/sfc/apa/d/san-francisco-cats-and-small-dogs/7929322597.html,37.7806519435262,-122.404762737112,San Francisco,2026-04-22 05:30:05.800128+00:00,craigslist,,,,
Two Bedroom Two Bathroom Flat - NEW ADU with Natural Light,Castro/Noe,4000,2,2.0,https://sfbay.craigslist.org/sfc/apa/d/san-francisco-two-bedroom-two-bathroom/7929323562.html,37.7549633807829,-122.426633109109,San Francisco,2026-04-22 05:30:05.800693+00:00,craigslist,12.0,22nd St,3.0,24th St Mission
2/1 rarely available top flat in a 3 unit building,Haight/Cole Valley,5400,2,1.0,https://sfbay.craigslist.org/sfc/apa/d/san-francisco-1-rarely-available-top/7929371802.html,37.7711987128648,-122.441309995988,San Francisco,2026-04-22 12:30:05.606092+00:00,craigslist,,,,
"3/bd, Located in SF, Recycling and compost service",,4295,3,1.0,https://sfbay.craigslist.org/sfc/apa/d/san-francisco-bd-located-in-sf/7929428578.html,37.7806519435262,-122.404762737112,San Francisco,2026-04-22 16:50:04.984449+00:00,craigslist,,,,
Top Floor 2 BR with In-Unit Laundry | Dishwasher | Pet-Friendly,Mission,4795,2,1.0,https://sfbay.craigslist.org/sfc/apa/d/san-francisco-top-floor-br-with-in-unit/7929430813.html,37.7557970343748,-122.416592596707,San Francisco,2026-04-22 17:10:04.716838+00:00,craigslist,9.0,22nd St,2.0,24th St Mission
Shafter Ave & Jennings St - Open house TODAY 6 PM- 8:00PM,,5200,3,1.0,https://sfbay.craigslist.org/sfc/apa/d/san-francisco-shafter-ave-jennings-st/7928384545.html,37.7289201571644,-122.386993597013,San Francisco,2026-04-22 17:30:04.899279+00:00,craigslist,,,,
Open House tonight 6pm-8pmBayview Cozy Apartment 3 bd washer and dryer,,5200,3,1.0,https://sfbay.craigslist.org/sfc/apa/d/san-francisco-open-house-tonight-6pm/7929442944.html,37.7289201571644,-122.386993597013,San Francisco,2026-04-22 17:50:05.244472+00:00,craigslist,,,,
"Solar shades, Quartz countertops, Custom kitchen cabinetry",,5200,2,2.0,https://sfbay.craigslist.org/sfc/apa/d/san-francisco-solar-shades-quartz/7929461420.html,37.7796171817482,-122.40621060146,San Francisco,2026-04-22 18:30:04.789359+00:00,craigslist,,,,
Two Bedroom Condo (three blocks from UCSF),Haight/Cole Valley,4300,2,1.0,https://sfbay.craigslist.org/sfc/apa/d/san-francisco-two-bedroom-condo-three/7929482129.html,37.7711987128648,-122.441309995988,San Francisco,2026-04-22 19:50:05.394897+00:00,craigslist,16.0,4th & King,9.0,16th St Mission
RENTED! Remodeled 2Bed/2Bath apt - Near the Marina! ~ J.Wavro,,5295,2,2.0,https://sfbay.craigslist.org/sfc/apa/d/san-francisco-rented-remodeled-2bed/7929501619.html,37.8002883530798,-122.423834783238,San Francisco,2026-04-22 21:10:05.576054+00:00,craigslist,,,,
"24 Hour Fitness Center, Concierge, Washers & dryers",,5200,2,2.0,https://sfbay.craigslist.org/sfc/apa/d/san-francisco-24-hour-fitness-center/7929505448.html,37.7796171817482,-122.40621060146,San Francisco,2026-04-22 21:30:05.027658+00:00,craigslist,,,,
HEART OF THE MISSION 3BEDROOM TOP FULL FLOOR FLAT LUSH YARD,"Mission,Chill Mission",5200,3,1.0,https://sfbay.craigslist.org/sfc/apa/d/san-francisco-heart-of-the-mission/7929520697.html,37.7527712442588,-122.40951083836,San Francisco,2026-04-22 22:30:04.962637+00:00,craigslist,7.0,22nd St,2.0,24th St Mission
"3D Virtual Tour - 2 BR, 1 BA Condo 750 Sq. Ft. - In-Unit Washer/Dryer",,4150,2,1.0,https://sfbay.craigslist.org/sfc/apa/d/san-francisco-3d-virtual-tour-br-ba/7929551673.html,37.7879875221768,-122.418300010937,San Francisco,2026-04-23 01:30:05.324992+00:00,craigslist,,,,
140 20th Avenue Owner LP - 106,,4275,2,1.0,https://sfbay.craigslist.org/sfc/apa/d/san-francisco-th-avenue-owner-lp-106/7929595762.html,37.7916997157313,-122.418600813779,San Francisco,2026-04-23 12:10:05.218084+00:00,craigslist,,,,
2055 Sacramento - 203,,5195,2,1.0,https://sfbay.craigslist.org/sfc/apa/d/san-francisco-2055-sacramento-203/7929604437.html,37.7907606379051,-122.426715042073,San Francisco,2026-04-23 13:10:05.098435+00:00,craigslist,,,,
Brightwell West – 3 Bedrooms - New Construction,,1216,3,2.0,https://sfbay.craigslist.org/sfc/apa/d/san-francisco-brightwell-west-bedrooms/7929640388.html,37.7807132500103,-122.422931228795,San Francisco,2026-04-23 16:10:05.662964+00:00,craigslist,,,,
Brightwell West – 2 Bedrooms - New Construction,,1054,2,1.0,https://sfbay.craigslist.org/sfc/apa/d/san-francisco-brightwell-west-bedrooms/7929640466.html,37.7807132500103,-122.422931228795,San Francisco,2026-04-23 16:10:05.663760+00:00,craigslist,,,,
"3 Bedroom, 2 Bath Townhome in Parkmerced! Unit CR105",,4175,3,2.0,https://sfbay.craigslist.org/sfc/apa/d/san-francisco-bedroom-bath-townhome-in/7929653422.html,37.7203991288357,-122.481424490096,San Francisco,2026-04-23 16:30:05.205405+00:00,craigslist,,,,
High-Rise 2 Bedroom Apartment with Views! Unit CM12510E,,3975,2,2.0,https://sfbay.craigslist.org/sfc/apa/d/san-francisco-high-rise-bedroom/7929653065.html,37.7168135589539,-122.474294030336,San Francisco,2026-04-23 16:30:05.206773+00:00,craigslist,,,,
Spacious 2 Bedroom Townhome in Parkmerced! Unit VI522,,3960,2,1.0,https://sfbay.craigslist.org/sfc/apa/d/san-francisco-spacious-bedroom-townhome/7929652886.html,37.7154779943336,-122.48294110938,San Francisco,2026-04-23 16:30:05.207407+00:00,craigslist,,,,
Remodeled 2 Bedroom apargment/ Rent controlled building,,3250,2,1.0,https://sfbay.craigslist.org/sfc/apa/d/san-francisco-remodeled-bedroom/7928178368.html,37.7724999000175,-122.414693814574,San Francisco,2026-04-23 16:30:05.209168+00:00,craigslist,,,,
High-Rise 2 Bedroom Apartment with Views! Unit FO1506H,,3700,2,2.0,https://sfbay.craigslist.org/sfc/apa/d/san-francisco-high-rise-bedroom/7929647222.html,37.7153381926316,-122.47352913168,San Francisco,2026-04-23 16:30:05.211641+00:00,craigslist,,,,
"Huge Top Floor, Sunny & Quiet 2 Bedroom Corner Apt. Prime Marina",,4195,2,1.0,https://sfbay.craigslist.org/sfc/apa/d/san-francisco-huge-top-floor-sunny/7929659095.html,37.8030958462758,-122.437424769179,San Francisco,2026-04-23 16:50:05.106818+00:00,craigslist,,,,
Modern 3 Bed Apartment with En-Suite Bathrooms! Unit SE35510K,,4445,3,3.0,https://sfbay.craigslist.org/sfc/apa/d/san-francisco-modern-bed-apartment-with/7929654079.html,37.7192893095866,-122.480672196511,San Francisco,2026-04-23 16:50:05.107680+00:00,craigslist,,,,
"3 Bedroom, 3 Bath Townhome in Parkmerced! Unit GR105",,4400,3,2.0,https://sfbay.craigslist.org/sfc/apa/d/san-francisco-bedroom-bath-townhome-in/7929653904.html,37.7162463307368,-122.479307411044,San Francisco,2026-04-23 16:50:05.108292+00:00,craigslist,,,,
3BR Townhome Community in Parkmerced! Unit CR050,,4300,3,2.0,https://sfbay.craigslist.org/sfc/apa/d/san-francisco-3br-townhome-community-in/7929653600.html,37.7200204037331,-122.476097128518,San Francisco,2026-04-23 16:50:05.108881+00:00,craigslist,,,,
Just Rented- AMSI,Way Out There,4599,2,2.0,https://sfbay.craigslist.org/sfc/apa/d/san-francisco-just-rented-amsi/7929674239.html,37.7441001009878,-122.486301506848,San Francisco,2026-04-23 17:50:04.862815+00:00,craigslist,33.0,22nd St,21.0,Glen Park
testing,Castro/Noe,1000,2,2.0,https://sfbay.craigslist.org/sfc/apa/d/san-francisco-testing/7929700038.html,37.7579994841391,-122.440006517004,San Francisco,2026-04-23 19:10:05.358115+00:00,craigslist,,,,
Adorable and Remodeled 2 bed/1 bath Cottage in the Desirable Excelsior,Glen Park/Excelsior,2700,2,1.0,https://sfbay.craigslist.org/sfc/apa/d/san-francisco-adorable-and-remodeled/7929708175.html,37.720856922114,-122.431209323018,San Francisco,2026-04-23 19:50:05.023230+00:00,craigslist,23.0,22nd St,7.0,Glen Park
"2-bedroom, 1-bath plus bonus office apartment",,5095,2,1.0,https://sfbay.craigslist.org/sfc/apa/d/san-francisco-bedroom-bath-plus-bonus/7928594826.html,37.7864370983833,-122.431591485868,San Francisco,2026-04-23 20:10:04.902050+00:00,craigslist,,,,
140 20th Avenue Owner LP - 106,Way Out There,4275,2,1.0,https://sfbay.craigslist.org/sfc/apa/d/san-francisco-th-avenue-owner-lp-106/7929719013.html,37.7852247196889,-122.479730826854,San Francisco,2026-04-23 20:30:05.443789+00:00,craigslist,29.0,4th & King,26.0,16th St Mission
"Sunset/Parkside upstairs recent remodeled kitchen unit, must see...",Way Out There,3195,2,1.0,https://sfbay.craigslist.org/sfc/apa/d/san-francisco-sunset-parkside-upstairs/7929722711.html,37.7539561209791,-122.482906731912,San Francisco,2026-04-23 20:50:05.104329+00:00,craigslist,32.0,4th & King,23.0,Glen Park
500 Stanyan St - 106,NOPA/Inner Richmond,5450,2,1.0,https://sfbay.craigslist.org/sfc/apa/d/san-francisco-500-stanyan-st-106/7929730665.html,37.7728963868117,-122.454281760469,San Francisco,2026-04-23 21:10:05.553583+00:00,craigslist,,,,
"Video entry system, Restored exterior façade, 3/bd 1/ba",,4295,3,1.0,https://sfbay.craigslist.org/sfc/apa/d/san-francisco-video-entry-system/7929736902.html,37.7806519435262,-122.404762737112,San Francisco,2026-04-23 21:50:05.613050+00:00,craigslist,,,,
Spacious 3 Bed 2 Bath,,4490,3,2.0,https://sfbay.craigslist.org/sfc/apa/d/san-francisco-spacious-bed-bath/7929747474.html,37.7350639836013,-122.389025878312,San Francisco,2026-04-23 22:30:05.751693+00:00,craigslist,,,,
"Live/Work Loft Style 2 Bedroom 1 1/2 Bath,Pkg& Stor Avail,Shrd Courtyd",,3595,2,2.0,https://sfbay.craigslist.org/sfc/apa/d/san-francisco-live-work-loft-style/7929746434.html,37.7774657252276,-122.404967856003,San Francisco,2026-04-23 22:30:05.752509+00:00,craigslist,,,,
Beautiful Modern Condo Mission Bay,,5200,2,2.0,https://sfbay.craigslist.org/sfc/apa/d/san-francisco-beautiful-modern-condo/7929775849.html,37.774405557644,-122.399694925414,San Francisco,2026-04-24 01:10:05.692293+00:00,craigslist,,,,
"40th/Wawona 3 bd 1 bath top floor of house, large deck and yard",Way Out There,4750,3,1.0,https://sfbay.craigslist.org/sfc/apa/d/san-francisco-40th-wawona-bd-bath-top/7929797219.html,37.7351356033256,-122.497402564128,San Francisco,2026-04-24 04:30:04.881494+00:00,craigslist,37.0,22nd St,23.0,Glen Park
Ground Floor 2 Bedrooms 1 Bath In-law Suite,Way Out There,2250,2,1.0,https://sfbay.craigslist.org/sfc/apa/d/san-francisco-ground-floor-bedrooms/7929190596.html,37.7542328595941,-122.504414994583,San Francisco,2026-04-24 05:50:05.093148+00:00,craigslist,44.0,4th & King,29.0,Glen Park
"Huge Top Floor, Sunny & Quiet 2 Bedroom Corner Apt. Prime Marina",,4195,2,1.0,https://sfbay.craigslist.org/sfc/apa/d/san-francisco-huge-top-floor-sunny/7929863037.html,37.8029594823206,-122.437834434003,San Francisco,2026-04-24 15:50:05.557117+00:00,craigslist,,,,
"Expansive Windows w/ City Views, 360 View Rooftop Deck",,4379,2,1.0,https://sfbay.craigslist.org/sfc/apa/d/san-francisco-expansive-windows-city/7929876312.html,37.7752730157458,-122.415909631016,San Francisco,2026-04-24 16:30:05.091692+00:00,craigslist,,,,
Spacious 4-bedroom on Irving St,Way Out There,4400,4,2.0,https://sfbay.craigslist.org/sfc/apa/d/san-francisco-spacious-bedroom-on/7929892845.html,37.7631360507722,-122.48676617562,San Francisco,2026-04-24 17:30:04.688885+00:00,craigslist,35.0,4th & King,25.0,24th St Mission
Gorgeous ocean views! Two Bedroom split-level at Baker Beach!,,5100,2,1.0,https://sfbay.craigslist.org/sfc/apa/d/san-francisco-gorgeous-ocean-views-two/7929892251.html,37.7928605282242,-122.476903280135,San Francisco,2026-04-24 17:30:04.689523+00:00,craigslist,,,,
Coastal Living! 3 BDRM apartment homes at Baker Beach in the Presidio!,,4850,3,1.0,https://sfbay.craigslist.org/sfc/apa/d/san-francisco-coastal-living-bdrm/7929891928.html,37.792693224548,-122.479730826854,San Francisco,2026-04-24 17:30:04.690145+00:00,craigslist,,,,
Prime Nob Hill Large Remodeled 2bd Apt! Must See! ~ J.Wavro,,3550,2,1.0,https://sfbay.craigslist.org/sfc/apa/d/san-francisco-prime-nob-hill-large/7929896038.html,37.7930146538711,-122.416114176949,San Francisco,2026-04-24 17:50:05.032102+00:00,craigslist,,,,
"Caeserstone quartz countertops, Thoughtfully designed interiors",,4141,2,2.0,https://sfbay.craigslist.org/sfc/apa/d/san-francisco-caeserstone-quartz/7929919044.html,37.7816185233265,-122.412125817737,San Francisco,2026-04-24 19:10:05.507779+00:00,craigslist,,,,
"Great Location, Gated, Now Showing, EV Charging",,4379,2,1.0,https://sfbay.craigslist.org/sfc/apa/d/san-francisco-great-location-gated-now/7929919866.html,37.7752730157458,-122.415909631016,San Francisco,2026-04-24 19:10:05.508607+00:00,craigslist,,,,
TWO Extra Clean Inlaw Rooms Close to SFSU-CCSF,,800,2,1.0,https://sfbay.craigslist.org/sfc/apa/d/san-francisco-two-extra-clean-inlaw/7929928039.html,37.7185822796674,-122.471275688672,San Francisco,2026-04-24 19:30:04.706099+00:00,craigslist,,,,
Extra Clean Inlaw Room Walk to SFSU-CCSF,,1000,2,1.0,https://sfbay.craigslist.org/sfc/apa/d/san-francisco-extra-clean-inlaw-room/7929927858.html,37.721642447251,-122.469881682356,San Francisco,2026-04-24 19:50:05.274838+00:00,craigslist,,,,
Beautiful complete remodel 2br plus office ~ J.Wavro,Way Out There,5500,2,2.0,https://sfbay.craigslist.org/sfc/apa/d/san-francisco-beautiful-complete/7929940041.html,37.7597240871024,-122.473692997609,San Francisco,2026-04-24 20:10:05.193561+00:00,craigslist,28.0,4th & King,20.0,16th St Mission
2 bd 1 ba - Japantown/Lower Pac Heights! ~ J.Wavro,,3350,2,1.0,https://sfbay.craigslist.org/sfc/apa/d/san-francisco-bd-ba-japantown-lower-pac/7929945678.html,37.787707345815,-122.42769823765,San Francisco,2026-04-24 20:30:05.303582+00:00,craigslist,,,,
"Gated, Bicycle Parking, Expansive Windows w/ City Views, Pet Park",,4379,2,1.0,https://sfbay.craigslist.org/sfc/apa/d/san-francisco-gated-bicycle-parking/7929945594.html,37.7752730157458,-122.415909631016,San Francisco,2026-04-24 20:30:05.304329+00:00,craigslist,,,,
140 20th Avenue Owner LP - 106,Way Out There,4275,2,1.0,https://sfbay.craigslist.org/sfc/apa/d/san-francisco-th-avenue-owner-lp-106/7929952916.html,37.7852247196889,-122.479730826854,San Francisco,2026-04-24 21:10:05.472137+00:00,craigslist,29.0,4th & King,26.0,16th St Mission
SPACIOUS 3 BEDROOM TOP FLOOR FLAT MISSION DISTRICT,"Mission,Chill Mission",5200,3,1.0,https://sfbay.craigslist.org/sfc/apa/d/san-francisco-spacious-bedroom-top/7929957689.html,37.7527712442588,-122.40951083836,San Francisco,2026-04-24 21:30:05.352825+00:00,craigslist,7.0,22nd St,2.0,24th St Mission
"Remodeled, New H/W (306 20th Avenue)",Way Out There,4900,3,2.0,https://sfbay.craigslist.org/sfc/apa/d/san-francisco-remodeled-new-w-th-avenue/7929964009.html,37.7821439256246,-122.479512529934,San Francisco,2026-04-24 21:50:05.254209+00:00,craigslist,28.0,4th & King,24.0,Civic Center
5032 Anza St,Way Out There,5500,3,2.0,https://sfbay.craigslist.org/sfc/apa/d/san-francisco-5032-anza-st/7929963412.html,37.7776020891829,-122.502366097507,San Francisco,2026-04-24 21:50:05.255020+00:00,craigslist,39.0,4th & King,30.0,Civic Center
"Pets Welcome, Now Showing, Gated, Washer and Dryer",,4379,2,1.0,https://sfbay.craigslist.org/sfc/apa/d/san-francisco-pets-welcome-now-showing/7929978571.html,37.7752730157458,-122.415909631016,San Francisco,2026-04-24 22:50:05.129642+00:00,craigslist,,,,
500 Stanyan St - 106,NOPA/Inner Richmond,5450,2,1.0,https://sfbay.craigslist.org/sfc/apa/d/san-francisco-500-stanyan-st-106/7929975970.html,37.7728963868117,-122.454281760469,San Francisco,2026-04-24 22:50:05.130504+00:00,craigslist,21.0,4th & King,13.0,Civic Center
Spacious lower unit steps from Duboce Park.,Haight/Cole Valley,4000,2,,https://sfbay.craigslist.org/sfc/apa/d/san-francisco-spacious-lower-unit-steps/7928827039.html,37.7711987128648,-122.441309995988,San Francisco,2026-04-25 00:10:05.641206+00:00,craigslist,16.0,4th & King,9.0,16th St Mission
"OPEN SUN 1:00pm-1:30pm Remodeled, New H/W (306 20th Avenue)",Way Out There,4900,3,2.0,https://sfbay.craigslist.org/sfc/apa/d/san-francisco-open-sun-100pm-130pm/7929964009.html,37.7821439256246,-122.479512529934,San Francisco,2026-04-25 00:10:05.647714+00:00,craigslist,28.0,4th & King,24.0,Civic Center
Modern 2BR/1BA Apartment – Outer Sunset - on N Judah Line,Way Out There,3300,2,1.0,https://sfbay.craigslist.org/sfc/apa/d/san-francisco-modern-2br-1ba-apartment/7929992219.html,37.7611822646909,-122.488773819734,San Francisco,2026-04-25 00:30:05.333776+00:00,craigslist,31.0,4th & King,23.0,16th St Mission
"Pet Park, Great Location, Pets Welcome, Roof View Fire Pits, Grills",,4379,2,1.0,https://sfbay.craigslist.org/sfc/apa/d/san-francisco-pet-park-great-location/7929994869.html,37.7752730157458,-122.415909631016,San Francisco,2026-04-25 00:30:05.335002+00:00,craigslist,,,,
Brand new remodeled 2 Bedroom unit!,NOPA/Inner Richmond,5195,2,1.0,https://sfbay.craigslist.org/sfc/apa/d/san-francisco-brand-new-remodeled/7929998535.html,37.7768916215169,-122.456221222606,San Francisco,2026-04-25 00:50:05.274446+00:00,craigslist,23.0,4th & King,14.0,Civic Center
"Roof View Fire Pits, Grills, SoMa Life, 360 View Rooftop Deck",,4379,2,1.0,https://sfbay.craigslist.org/sfc/apa/d/san-francisco-roof-view-fire-pits/7930008260.html,37.7752730157458,-122.415909631016,San Francisco,2026-04-25 01:50:05.356182+00:00,craigslist,,,,
"Now Touring, Bike Stor, Great MidMar SOMA location, 360 Rooftop Views!",,4379,2,1.0,https://sfbay.craigslist.org/sfc/apa/d/san-francisco-now-touring-bike-stor/7930024348.html,37.7752730157458,-122.415909631016,San Francisco,2026-04-25 04:30:04.997216+00:00,craigslist,,,,
4430 California St SF (7th Ave) Brand new 1/1 apt.  Close all,,3200,2,1.0,https://sfbay.craigslist.org/sfc/apa/d/san-francisco-4430-california-st-sf-7th/7926563808.html,37.7849514188206,-122.464895803623,San Francisco,2026-04-25 06:30:04.757804+00:00,craigslist,,,,
"EV Charging, Now Showing, Great Location, Pets Welcome",,4379,2,1.0,https://sfbay.craigslist.org/sfc/apa/d/san-francisco-ev-charging-now-showing/7930075605.html,37.7752730157458,-122.415909631016,San Francisco,2026-04-25 15:10:04.860727+00:00,craigslist,,,,
3 Bedrooms flat for rent,Way Out There,1560,3,1.0,https://sfbay.craigslist.org/sfc/apa/d/san-francisco-bedrooms-flat-for-rent/7930088907.html,37.7593006712918,-122.483594281266,San Francisco,2026-04-25 16:10:05.365207+00:00,craigslist,30.0,4th & King,22.0,16th St Mission
Captivating 2 BR/1.5 BA with Lounge & Sun Deck Access,,3886,2,2.0,https://sfbay.craigslist.org/pen/apa/d/san-francisco-captivating-br-15-ba-with/7930096946.html,37.7072342775777,-122.415895880029,San Francisco,2026-04-25 16:30:04.753658+00:00,craigslist,,,,
"Pet Park, Gated, Bicycle Parking, Pets Welcome",,4379,2,1.0,https://sfbay.craigslist.org/sfc/apa/d/san-francisco-pet-park-gated-bicycle/7930096360.html,37.7752730157458,-122.415909631016,San Francisco,2026-04-25 16:30:04.754273+00:00,craigslist,,,,
TMLP 13-mo. | Luxury high-rise with top tier amenities and handcrafted apartment,,4071,2,1.0,https://sfbay.craigslist.org/sfc/apa/d/san-francisco-tmlp-13-mo-luxury-high/7930095574.html,37.7791152707197,-122.41424289679,San Francisco,2026-04-25 16:30:04.754904+00:00,craigslist,,,,
Exclusive 2 BR/1.5 BA with Stainless Kitchen & High Speed Internet,,3593,2,2.0,https://sfbay.craigslist.org/pen/apa/d/san-francisco-exclusive-br-15-ba-with/7930135442.html,37.7072342775777,-122.415895880029,San Francisco,2026-04-25 18:50:05.414065+00:00,craigslist,,,,
Discover Artful Living in Our Towering Oasis,,3736,2,1.0,https://sfbay.craigslist.org/sfc/apa/d/san-francisco-discover-artful-living-in/7930135177.html,37.7791152707197,-122.41424289679,San Francisco,2026-04-25 18:50:05.414939+00:00,craigslist,,,,
"Stainless Steel Appliances, EV Charging, Bicycle Parking",,4379,2,1.0,https://sfbay.craigslist.org/sfc/apa/d/san-francisco-stainless-steel/7930136072.html,37.7752730157458,-122.415909631016,San Francisco,2026-04-25 19:10:04.976728+00:00,craigslist,,,,
"EV Charging, Washer and Dryer, Great Location",,4379,2,1.0,https://sfbay.craigslist.org/sfc/apa/d/san-francisco-ev-charging-washer-and/7930156635.html,37.7752730157458,-122.415909631016,San Francisco,2026-04-25 20:30:05.402753+00:00,craigslist,,,,
Spacious 2BR/2BA In-law Suite with Fenced Yard & Classic Features in S,Way Out There,3300,2,2.0,https://sfbay.craigslist.org/sfc/apa/d/san-francisco-spacious-2br-2ba-in-law/7930156485.html,37.7572173967488,-122.502475532446,San Francisco,2026-04-25 20:30:05.403451+00:00,craigslist,42.0,4th & King,29.0,Glen Park
High-rise modern apartments with luxury amenities,,4071,2,1.0,https://sfbay.craigslist.org/sfc/apa/d/san-francisco-high-rise-modern/7930155085.html,37.7791152707197,-122.41424289679,San Francisco,2026-04-25 20:30:05.404095+00:00,craigslist,,,,
"Pet spa, Private patios, Bike storage",,5349,2,2.0,https://sfbay.craigslist.org/sfc/apa/d/san-francisco-pet-spa-private-patios/7930154101.html,37.7724999000175,-122.414693814574,San Francisco,2026-04-25 20:30:05.404716+00:00,craigslist,,,,
"Prime Richmond, on 26th Avenue x Geary",Way Out There,3200,2,1.0,https://sfbay.craigslist.org/sfc/apa/d/san-francisco-prime-richmond-on-26th/7928607228.html,37.7785996087041,-122.489197235545,San Francisco,2026-04-25 20:50:04.836521+00:00,craigslist,36.0,4th & King,27.0,Civic Center
Unbeatable 2 BR/1.5 BA with Fitness Center & Gated Community,,3886,2,2.0,https://sfbay.craigslist.org/pen/apa/d/san-francisco-unbeatable-br-15-ba-with/7930172332.html,37.7072342775777,-122.415895880029,San Francisco,2026-04-25 21:50:04.823012+00:00,craigslist,,,,
"TMLP 15-mo. | Location, Community, Quality Living. It Starts Here!",,3612,2,2.0,https://sfbay.craigslist.org/sfc/apa/d/san-francisco-tmlp-15-mo-location/7930171053.html,37.7916997157313,-122.418600813779,San Francisco,2026-04-25 21:50:04.823835+00:00,craigslist,,,,
"Bicycle Parking, Expansive Windows w/ City Views, Gated",,4379,2,1.0,https://sfbay.craigslist.org/sfc/apa/d/san-francisco-bicycle-parking-expansive/7930185226.html,37.7752730157458,-122.415909631016,San Francisco,2026-04-25 22:50:04.970126+00:00,craigslist,,,,
"BIG 24TH STREET FLAT, LUSH GARDEN","Mission,Chill Mission",5200,3,1.0,https://sfbay.craigslist.org/sfc/apa/d/san-francisco-big-24th-street-flat-lush/7930184664.html,37.7527712442588,-122.40951083836,San Francisco,2026-04-25 22:50:04.970946+00:00,craigslist,7.0,22nd St,2.0,24th St Mission
"Spacious Home with Co-Working Spaces, Near MUNI/BART/280",Glen Park/Excelsior,3900,2,1.0,https://sfbay.craigslist.org/sfc/apa/d/san-francisco-spacious-home-with-co/7928659137.html,37.7195013039708,-122.441099147519,San Francisco,2026-04-25 23:10:04.981696+00:00,craigslist,25.0,22nd St,7.0,Glen Park
Discover this contemporary 2/2 unit,,5600,2,2.0,https://sfbay.craigslist.org/sfc/apa/d/san-francisco-discover-this/7930184889.html,37.8001995446216,-122.409109767903,San Francisco,2026-04-25 23:30:09.665399+00:00,craigslist,,,,
TMLP 13-mo. | Luxury high-rise with top tier amenities and handcrafted apartment,,4108,2,1.0,https://sfbay.craigslist.org/sfc/apa/d/san-francisco-tmlp-13-mo-luxury-high/7930200875.html,37.7791152707197,-122.41424289679,San Francisco,2026-04-26 00:30:04.978659+00:00,craigslist,,,,
TMLP 13-mo. | Modern two-bedroom apartment with city views and parking options,,4041,2,1.0,https://sfbay.craigslist.org/sfc/apa/d/san-francisco-tmlp-13-mo-modern-two/7930199314.html,37.778401365307,-122.414338580742,San Francisco,2026-04-26 00:30:04.979496+00:00,craigslist,,,,
"EV Charging, Now Showing, Expansive Windows w/ City Views, SoMa Life",,4379,2,1.0,https://sfbay.craigslist.org/sfc/apa/d/san-francisco-ev-charging-now-showing/7930198615.html,37.7752730157458,-122.415909631016,San Francisco,2026-04-26 00:30:04.980128+00:00,craigslist,,,,
BRIGHT SPACIOUS 3 BR /1 BA in Heart of SF~,,3850,3,1.0,https://sfbay.craigslist.org/sfc/apa/d/san-francisco-bright-spacious-br-ba-in/7929072580.html,37.7843228841194,-122.431550805864,San Francisco,2026-04-26 01:10:05.593042+00:00,craigslist,,,,
Modern 2BR/2BA Condo w/ 2-Car Parking – Dogpatch/Potrero Hill,Potrero Hill,3365,2,2.0,https://sfbay.craigslist.org/sfc/apa/d/san-francisco-modern-2br-2ba-condo-2/7930205519.html,37.7576001325559,-122.394098273672,San Francisco,2026-04-26 01:30:04.760605+00:00,craigslist,0.0,22nd St,9.0,24th St Mission
South-Facing 2BR/2BA + Parking | Near Caltrain & Muni,Potrero Hill,3365,2,2.0,https://sfbay.craigslist.org/sfc/apa/d/san-francisco-south-facing-2br-2ba/7930204480.html,37.7576001325559,-122.394098273672,San Francisco,2026-04-26 01:30:04.761380+00:00,craigslist,0.0,22nd St,9.0,24th St Mission
"Gated, Bicycle Parking, Roof View Fire Pits, Grills",,4379,2,1.0,https://sfbay.craigslist.org/sfc/apa/d/san-francisco-gated-bicycle-parking/7930210247.html,37.7752730157458,-122.415909631016,San Francisco,2026-04-26 01:50:05.008258+00:00,craigslist,,,,
Enjoy Luxurious Living in This 2BR/2BA Condo Home!,Potrero Hill,3365,2,2.0,https://sfbay.craigslist.org/sfc/apa/d/san-francisco-enjoy-luxurious-living-in/7930210090.html,37.7576001325559,-122.394098273672,San Francisco,2026-04-26 02:10:05.026136+00:00,craigslist,0.0,22nd St,9.0,24th St Mission
South-Facing 2BR/2BA + Parking | Near Caltrain & Muni,Potrero Hill,3365,2,2.0,https://sfbay.craigslist.org/sfc/apa/d/san-francisco-south-facing-2br-2ba/7930207171.html,37.7576001325559,-122.394098273672,San Francisco,2026-04-26 02:10:05.028246+00:00,craigslist,0.0,22nd St,9.0,24th St Mission
Modern 2BR/2BA Condo w/ 2-Car Parking – Dogpatch/Potrero Hill,Potrero Hill,3365,2,2.0,https://sfbay.craigslist.org/sfc/apa/d/san-francisco-modern-2br-2ba-condo-2/7930208254.html,37.7576001325559,-122.394098273672,San Francisco,2026-04-26 02:10:05.028870+00:00,craigslist,0.0,22nd St,9.0,24th St Mission
"Stunning 2 BR/1.5 BA with Spacious Floorplan, Apply Now",,3593,2,2.0,https://sfbay.craigslist.org/pen/apa/d/san-francisco-stunning-br-15-ba-with/7930221365.html,37.7072342775777,-122.415895880029,San Francisco,2026-04-26 03:50:04.737735+00:00,craigslist,,,,
"Pet Park, EV Charging, Gated, SoMa Life",,4379,2,1.0,https://sfbay.craigslist.org/sfc/apa/d/san-francisco-pet-park-ev-charging/7930222847.html,37.7752730157458,-122.415909631016,San Francisco,2026-04-26 04:10:05.068618+00:00,craigslist,,,,
2 bedroom 1 bath,Glen Park/Excelsior,3495,2,1.0,https://sfbay.craigslist.org/sfc/apa/d/san-francisco-bedroom-bath/7930232693.html,37.7195013039708,-122.441099147519,San Francisco,2026-04-26 07:30:05.104288+00:00,craigslist,25.0,22nd St,7.0,Glen Park
"California&Gough: 2-Story Condo, 2Bdrm, 1.5Bath, garage, swimming pool",,5300,2,2.0,https://sfbay.craigslist.org/sfc/apa/d/san-francisco-californiagough-story/7929303020.html,37.7897768693709,-122.425977072433,San Francisco,2026-04-26 08:50:04.999671+00:00,craigslist,,,,
Hayes Valley Apartment,,2650,2,1.0,https://sfbay.craigslist.org/sfc/apa/d/san-francisco-hayes-valley-apartment/7930251983.html,37.7813005317502,-122.416702031646,San Francisco,2026-04-26 13:10:05.604643+00:00,craigslist,,,,
Home in Quiet and Sunny Neighborhood,,4200,2,2.0,https://sfbay.craigslist.org/sfc/apa/d/san-francisco-home-in-quiet-and-sunny/7930250280.html,37.71256851465,-122.398041942175,San Francisco,2026-04-26 13:10:05.605397+00:00,craigslist,,,,
"OPEN SUN 1:40pm-2:10pm 3BR,Laundry,Great Location (226 10th Avenue #6)",,3895,3,1.0,https://sfbay.craigslist.org/sfc/apa/d/san-francisco-open-sun-140pm-210pm/7930257315.html,37.7841252136801,-122.468802802828,San Francisco,2026-04-26 13:50:05.548687+00:00,craigslist,,,,
"OPEN SUN 1:00pm-1:30pm Remodeled, New H/W (306 20th Avenue)",Way Out There,4900,3,2.0,https://sfbay.craigslist.org/sfc/apa/d/san-francisco-open-sun-100pm-130pm/7930257205.html,37.7821439256246,-122.479512529934,San Francisco,2026-04-26 13:50:05.549611+00:00,craigslist,28.0,4th & King,24.0,Civic Center
"EV Charging, Expansive Windows w/ City Views, Gated",,4379,2,1.0,https://sfbay.craigslist.org/sfc/apa/d/san-francisco-ev-charging-expansive/7930268468.html,37.7752730157458,-122.415909631016,San Francisco,2026-04-26 15:10:05.342053+00:00,craigslist,,,,
2 bedroom 1 bath,Glen Park/Excelsior,3495,2,1.0,https://sfbay.craigslist.org/sfc/apa/d/san-francisco-bedroom-bath/7930274164.html,37.7195013039708,-122.441099147519,San Francisco,2026-04-26 15:30:05.005226+00:00,craigslist,25.0,22nd St,7.0,Glen Park
2 Car Garage Spaces + 2x2 Covered Parking Single Family R1-10 zoning,,3350,2,2.0,https://sfbay.craigslist.org/sfc/apa/d/san-francisco-car-garage-spaces-2x2/7930267712.html,37.7910402413091,-122.441044716529,San Francisco,2026-04-26 15:30:05.006126+00:00,craigslist,,,,
"Potrero Hill Edwardian 2x2 1-Car Parking, Quartz Kitchen on De Haro",Potrero Hill,5100,2,2.0,https://sfbay.craigslist.org/sfc/apa/d/san-francisco-potrero-hill-edwardian/7930274100.html,37.7548608213376,-122.400650619017,San Francisco,2026-04-26 16:10:05.514613+00:00,craigslist,4.0,22nd St,5.0,24th St Mission
STEPS TO GG PARK FROM OUTER SUNSET 2BD 1BA ~ VIEWS ~ W/D IN UNIT,Way Out There,4895,2,1.0,https://sfbay.craigslist.org/sfc/apa/d/san-francisco-steps-to-gg-park-from/7930286244.html,37.763200795003,-122.484594092619,San Francisco,2026-04-26 16:30:05.730747+00:00,craigslist,34.0,4th & King,25.0,24th St Mission
"Roof View Fire Pits, Grills, Pets Welcome, EV Charging, Gated",,4379,2,1.0,https://sfbay.craigslist.org/sfc/apa/d/san-francisco-roof-view-fire-pits/7930284080.html,37.7752730157458,-122.415909631016,San Francisco,2026-04-26 16:30:05.731710+00:00,craigslist,,,,
TMLP 13-mo. | High-rise modern apartments with luxury amenities,,4468,2,1.0,https://sfbay.craigslist.org/sfc/apa/d/san-francisco-tmlp-13-mo-high-rise/7930283148.html,37.7791152707197,-122.41424289679,San Francisco,2026-04-26 16:30:05.732386+00:00,craigslist,,,,
"Captivating 2 BR/1.5 BA with In-Unit Washer/Dryer, Fitness Center On",,3886,2,2.0,https://sfbay.craigslist.org/pen/apa/d/san-francisco-captivating-br-15-ba-with/7930282381.html,37.7072342775777,-122.415895880029,San Francisco,2026-04-26 16:30:05.733027+00:00,craigslist,,,,
"Sunny 2 Bedroom, 1 bath house in mount Davidson/Potrero hill area",Glen Park/Excelsior,3400,2,1.0,https://sfbay.craigslist.org/sfc/apa/d/san-francisco-sunny-bedroom-bath-house/7930306216.html,37.7315425849926,-122.448873038883,San Francisco,2026-04-26 18:10:05.600115+00:00,craigslist,24.0,22nd St,6.0,Glen Park
"Sophisticated 2 BR/1.5 BA with Package Service, Tour Today!",,3593,2,2.0,https://sfbay.craigslist.org/pen/apa/d/san-francisco-sophisticated-br-15-ba/7930318913.html,37.7072342775777,-122.415895880029,San Francisco,2026-04-26 18:50:04.836924+00:00,craigslist,,,,
Elevate Your Space: Hardwood Floors & Quartz Counters,,4108,2,1.0,https://sfbay.craigslist.org/sfc/apa/d/san-francisco-elevate-your-space/7930318124.html,37.7791152707197,-122.41424289679,San Francisco,2026-04-26 18:50:04.837686+00:00,craigslist,,,,
"Remodeled 2BR,2BA;  Super Convenient Location! Close to Park, UCSF",Way Out There,4300,2,2.0,https://sfbay.craigslist.org/sfc/apa/d/san-francisco-remodeled-2br2ba-super/7925392696.html,37.7636104598265,-122.476056448514,San Francisco,2026-04-26 18:50:04.838384+00:00,craigslist,27.0,4th & King,19.0,16th St Mission
"Pets Welcome, Gated, Now Showing, Great Location",,4379,2,1.0,https://sfbay.craigslist.org/sfc/apa/d/san-francisco-pets-welcome-gated-now/7930320326.html,37.7752730157458,-122.415909631016,San Francisco,2026-04-26 19:10:05.134717+00:00,craigslist,,,,
hilltop 2-bedroom unit with stunning view,Mission,5000,2,1.0,https://sfbay.craigslist.org/sfc/apa/d/san-francisco-hilltop-bedroom-unit-with/7930315832.html,37.7508993911422,-122.415297712091,San Francisco,2026-04-26 19:30:05.480196+00:00,craigslist,10.0,22nd St,1.0,24th St Mission
Modern Comfort: Spacious Closets & High Ceilings,,4468,2,1.0,https://sfbay.craigslist.org/sfc/apa/d/san-francisco-modern-comfort-spacious/7930339515.html,37.7791152707197,-122.41424289679,San Francisco,2026-04-26 20:30:05.485316+00:00,craigslist,,,,
"Great Location, SoMa Life, 360 View Rooftop Deck, Pet Park",,4379,2,1.0,https://sfbay.craigslist.org/sfc/apa/d/san-francisco-great-location-soma-life/7930337795.html,37.7752730157458,-122.415909631016,San Francisco,2026-04-26 20:30:05.486632+00:00,craigslist,,,,
TMLP 15-mo. | Proper Design. Smartly Priced. Ready for Move-In!,,3612,2,2.0,https://sfbay.craigslist.org/sfc/apa/d/san-francisco-tmlp-15-mo-proper-design/7930336486.html,37.7916997157313,-122.418600813779,San Francisco,2026-04-26 20:30:05.487251+00:00,craigslist,,,,
Premium Inner Sunset Rental Update 2x1 2 Blocks to Golden Gate Park,Inner Sunset,3900,2,1.0,https://sfbay.craigslist.org/sfc/apa/d/san-francisco-premium-inner-sunset/7930341918.html,37.7620439932147,-122.468324383069,San Francisco,2026-04-26 21:10:05.002779+00:00,craigslist,25.0,4th & King,17.0,16th St Mission
"476 Hickory St 2x2 A Rare Standalone Home w/ Two Full Baths, Skylights",,5300,2,2.0,https://sfbay.craigslist.org/sfc/apa/d/san-francisco-476-hickory-st-2x2-rare/7930338179.html,37.774900593179,-122.427261070852,San Francisco,2026-04-26 21:10:05.003717+00:00,craigslist,,,,
TMLP 13-mo. | Luxury high-rise with top tear amenities and handcrafted apartment,,4041,2,1.0,https://sfbay.craigslist.org/sfc/apa/d/san-francisco-tmlp-13-mo-luxury-high/7930353977.html,37.778401365307,-122.414338580742,San Francisco,2026-04-26 21:50:05.358803+00:00,craigslist,,,,
TMLP 15-mo. | Impeccable 2 BR-Upgraded Features + Waterfall Oasis Retreat,,5198,2,2.0,https://sfbay.craigslist.org/sfc/apa/d/san-francisco-tmlp-15-mo-impeccable-br/7930361852.html,37.7831689471201,-122.432684689341,San Francisco,2026-04-26 22:30:05.476764+00:00,craigslist,,,,
"Luxurious Living at Its Finest, 2 BR/1.5 BA with Hardwood Floors",,3886,2,2.0,https://sfbay.craigslist.org/pen/apa/d/san-francisco-luxurious-living-at-its/7930361100.html,37.7072342775777,-122.415895880029,San Francisco,2026-04-26 22:30:05.477545+00:00,craigslist,,,,
"Pet Park, Expansive Windows w/ City Views, SoMa Life, Great Location",,4379,2,1.0,https://sfbay.craigslist.org/sfc/apa/d/san-francisco-pet-park-expansive/7930367355.html,37.7752730157458,-122.415909631016,San Francisco,2026-04-26 23:10:05.327696+00:00,craigslist,,,,
Impeccable 2 BR-Upgraded Features + Waterfall Oasis Retreat,,5198,2,2.0,https://sfbay.craigslist.org/sfc/apa/d/san-francisco-impeccable-br-upgraded/7930361852.html,37.7831689471201,-122.432684689341,San Francisco,2026-04-26 23:10:05.328483+00:00,craigslist,,,,
"Nice top room in family home available, great view.",Way Out There,1100,5,,https://sfbay.craigslist.org/sfc/apa/d/san-francisco-nice-top-room-in-family/7928120693.html,37.7818746354609,-122.488090854042,San Francisco,2026-04-26 23:30:09.261692+00:00,craigslist,31.0,4th & King,28.0,16th St Mission
TMLP 13-mo. | SOMA two-bedroom apartment near Hayes Valley,,4041,2,1.0,https://sfbay.craigslist.org/sfc/apa/d/san-francisco-tmlp-13-mo-soma-two/7930373721.html,37.778401365307,-122.414338580742,San Francisco,2026-04-26 23:50:05.408717+00:00,craigslist,,,,
1300 26thave. &Irving/Great View/W/D in unit/Coming Soon!,Way Out There,4795,2,1.0,https://sfbay.craigslist.org/sfc/apa/d/san-francisco-thave-irving-great-view-d/7930381785.html,37.7632311617662,-122.484625605298,San Francisco,2026-04-27 00:30:07.230452+00:00,craigslist,34.0,4th & King,25.0,24th St Mission
"Washer and Dryer, Pet Park, Roof View Fire Pits, Grills",,4379,2,1.0,https://sfbay.craigslist.org/sfc/apa/d/san-francisco-washer-and-dryer-pet-park/7930380617.html,37.7752730157458,-122.415909631016,San Francisco,2026-04-27 00:30:07.231944+00:00,craigslist,,,,
"Soon! Best Location, Elegant Bldg Across Alamo Sq Park, Bright, Quiet",Duboce,5400,2,1.0,https://sfbay.craigslist.org/sfc/apa/d/san-francisco-soon-best-location/7930379926.html,37.7753446354702,-122.435307117169,San Francisco,2026-04-27 00:30:07.232592+00:00,craigslist,15.0,4th & King,7.0,Civic Center
TMLP 13-mo. | Elevate Your Space: Hardwood Floors & Quartz Counters,,4108,2,1.0,https://sfbay.craigslist.org/sfc/apa/d/san-francisco-tmlp-13-mo-elevate-your/7930379820.html,37.7791152707197,-122.41424289679,San Francisco,2026-04-27 00:30:07.233181+00:00,craigslist,,,,
Alamo Square/430cott&Fell/W/D in unit/Office/Coming Soon!!!!,Duboce,4095,2,1.0,https://sfbay.craigslist.org/sfc/apa/d/san-francisco-alamo-square-430cottfell/7930384723.html,37.7736303457472,-122.435809601155,San Francisco,2026-04-27 00:50:05.219788+00:00,craigslist,15.0,4th & King,8.0,16th St Mission
Above & Beyond: 2 BR Retreat with Rooftop Decks & Kids Play Space,Glen Park/Excelsior,5087,2,2.0,https://sfbay.craigslist.org/sfc/apa/d/san-francisco-above-beyond-br-retreat/7930381366.html,37.7236025358681,-122.43880445155,San Francisco,2026-04-27 01:10:05.428202+00:00,craigslist,23.0,22nd St,5.0,Glen Park
TMLP 13-mo. | City Oasis Awaits: On-Site Fitness & High-Speed Internet,,4041,2,1.0,https://sfbay.craigslist.org/sfc/apa/d/san-francisco-tmlp-13-mo-city-oasis/7930389046.html,37.778401365307,-122.414338580742,San Francisco,2026-04-27 01:30:05.576080+00:00,craigslist,,,,
Brand New Remodel/1675Clay&Larkin/WD in unit/office!!,,4595,2,1.0,https://sfbay.craigslist.org/sfc/apa/d/san-francisco-brand-new-remodel/7930387413.html,37.7924336746668,-122.420649710855,San Francisco,2026-04-27 01:30:05.576741+00:00,craigslist,,,,
500 Stanyan #106 - Beautiful 2x1 - Pets OK - Private - Great Area,NOPA/Inner Richmond,5450,2,1.0,https://sfbay.craigslist.org/sfc/apa/d/san-francisco-500-stanyan-beautiful-2x1/7930391566.html,37.7728963868117,-122.454281760469,San Francisco,2026-04-27 01:50:05.363917+00:00,craigslist,21.0,4th & King,13.0,Civic Center
"Pet Park, EV Charging, Expansive Windows w/ City Views",,4379,2,1.0,https://sfbay.craigslist.org/sfc/apa/d/san-francisco-pet-park-ev-charging/7930389764.html,37.7752730157458,-122.415909631016,San Francisco,2026-04-27 01:50:05.364706+00:00,craigslist,,,,
"Stunning 2 BR/1.5 BA with Hardwood Floors, Apply Now!",,3593,2,2.0,https://sfbay.craigslist.org/pen/apa/d/san-francisco-stunning-br-15-ba-with/7930401927.html,37.7072342775777,-122.415895880029,San Francisco,2026-04-27 03:30:05.447812+00:00,craigslist,,,,
"Stainless Steel Appliances, Gated, SoMa Life, 360 View Rooftop Deck",,4379,2,1.0,https://sfbay.craigslist.org/sfc/apa/d/san-francisco-stainless-steel/7930400240.html,37.7752730157458,-122.415909631016,San Francisco,2026-04-27 03:30:05.449265+00:00,craigslist,,,,
140 20th Ave #106 - Lovely 2x1 - Updated & New - WD in Unit - Pets OK,Way Out There,4275,2,1.0,https://sfbay.craigslist.org/sfc/apa/d/san-francisco-th-ave-lovely-2x1-updated/7930403225.html,37.7852247196889,-122.479730826854,San Francisco,2026-04-27 03:50:05.919713+00:00,craigslist,29.0,4th & King,26.0,16th St Mission
Top Floor Edwardian Charm in Handsome 2-Unit Building–Steps from Dolores Park.,Mission,4595,2,1.0,https://sfbay.craigslist.org/sfc/apa/d/san-francisco-top-floor-edwardian-charm/7930404088.html,37.7629991138592,-122.424898192905,San Francisco,2026-04-27 04:10:05.379277+00:00,craigslist,12.0,4th & King,2.0,16th St Mission
Newly renovated 2 Bed 1 bath - 1 block from tech buses! Garage and Yard,Way Out There,5000,2,1.0,https://sfbay.craigslist.org/sfc/apa/d/san-francisco-newly-renovated-bed-bath/7930441149.html,37.7593006712918,-122.483594281266,San Francisco,2026-04-27 13:30:05.552728+00:00,craigslist,30.0,4th & King,22.0,16th St Mission
Gorgeous renovation of a historic building,Potrero Hill,5500,2,2.0,https://sfbay.craigslist.org/sfc/apa/d/san-francisco-gorgeous-renovation-of/7930449148.html,37.7621012889942,-122.397099426603,San Francisco,2026-04-27 14:30:05.570954+00:00,craigslist,2.0,22nd St,8.0,16th St Mission
"Gated, EV Charging, Washer and Dryer, Mid-Market, Pets Ok!",,4379,2,1.0,https://sfbay.craigslist.org/sfc/apa/d/san-francisco-gated-ev-charging-washer/7930462774.html,37.7752730157458,-122.415909631016,San Francisco,2026-04-27 15:10:05.137065+00:00,craigslist,,,,
Looking for Amazing Roommates to Create Epic Housing!,Castro/Noe,1000,5,3.0,https://sfbay.craigslist.org/nby/apa/d/san-francisco-looking-for-amazing/7930469296.html,37.7586996385647,-122.433002107959,San Francisco,2026-04-27 15:30:05.125669+00:00,craigslist,14.0,22nd St,6.0,16th St Mission
Nopa/1450 Golden Gate&Steiner/remodeled/W/D in unit/Coming Soon!!,,4695,2,1.0,https://sfbay.craigslist.org/sfc/apa/d/san-francisco-nopa-1450-golden/7930474956.html,37.7792481969282,-122.434434502447,San Francisco,2026-04-27 15:50:05.587022+00:00,craigslist,,,,
2BR with In Unit W/D - Near Transit & City Hotspots! Unit #207,,4195,2,1.0,https://sfbay.craigslist.org/sfc/apa/d/san-francisco-2br-with-in-unit-d-near/7930482850.html,37.7851187224968,-122.414529948645,San Francisco,2026-04-27 16:10:04.769970+00:00,craigslist,,,,
Ideal Off-Campus 2BR Minutes from USF! Unit #106,NOPA/Inner Richmond,5450,2,1.0,https://sfbay.craigslist.org/sfc/apa/d/san-francisco-ideal-off-campus-2br/7930482642.html,37.7728963868117,-122.454281760469,San Francisco,2026-04-27 16:10:04.770776+00:00,craigslist,21.0,4th & King,13.0,Civic Center
Pet Friendly 2BR with In Unit Washer & Dryer! Unit #106,Way Out There,4275,2,1.0,https://sfbay.craigslist.org/sfc/apa/d/san-francisco-pet-friendly-2br-with-in/7930480151.html,37.7852247196889,-122.479730826854,San Francisco,2026-04-27 16:10:04.771491+00:00,craigslist,29.0,4th & King,26.0,16th St Mission
Beautifully Renovated Top-Floor 2BR with Ocean Views,Way Out There,4500,2,1.0,https://sfbay.craigslist.org/sfc/apa/d/san-francisco-beautifully-renovated-top/7930478126.html,37.7579209889212,-122.477807407536,San Francisco,2026-04-27 16:10:04.772150+00:00,craigslist,29.0,4th & King,21.0,16th St Mission
"Pets Welcome, SoMa Life, Washer and Dryer, 360 View Rooftop Deck",,4379,2,1.0,https://sfbay.craigslist.org/sfc/apa/d/san-francisco-pets-welcome-soma-life/7930489074.html,37.7752730157458,-122.415909631016,San Francisco,2026-04-27 16:30:05.153353+00:00,craigslist,,,,
"Stunning 2 BR/1.5 BA with Walk-In Closets, First Month Free!",,3886,2,2.0,https://sfbay.craigslist.org/pen/apa/d/san-francisco-stunning-br-15-ba-with/7930488018.html,37.7072342775777,-122.415895880029,San Francisco,2026-04-27 16:30:05.154294+00:00,craigslist,,,,
TMLP 13-mo. | Luxury high-rise with top tier amenities and handcrafted apartment,,4468,2,1.0,https://sfbay.craigslist.org/sfc/apa/d/san-francisco-tmlp-13-mo-luxury-high/7930487206.html,37.7791152707197,-122.41424289679,San Francisco,2026-04-27 16:30:05.154955+00:00,craigslist,,,,
2BR with Washer & Dryer - Near Campus! Unit #1,,4995,2,1.0,https://sfbay.craigslist.org/sfc/apa/d/san-francisco-2br-with-washer-dryer/7930493494.html,37.7831689471201,-122.422562243975,San Francisco,2026-04-27 16:50:05.338952+00:00,craigslist,,,,
